"","p1","Group","o1","Pixel"
"liver-1-neg-12-6",26.1104040687985,"case",-86.2260486388996,"liver-1-neg-12-6"
"liver-1-neg-13-10",10.7046893312302,"case",78.5583699799522,"liver-1-neg-13-10"
"liver-1-neg-13-6",30.801881769174,"case",-193.768383609102,"liver-1-neg-13-6"
"liver-1-neg-14-10",-18.250156049473,"case",-26.3084466448001,"liver-1-neg-14-10"
"liver-1-neg-14-9",19.2903392613426,"case",48.5930381286623,"liver-1-neg-14-9"
"liver-1-neg-15-10",19.8396280647691,"case",-6.8465594477608,"liver-1-neg-15-10"
"liver-1-neg-15-18",28.7341489861278,"case",233.442253847044,"liver-1-neg-15-18"
"liver-1-neg-15-23",-5.11193644898541,"case",159.023942538481,"liver-1-neg-15-23"
"liver-1-neg-15-41",-6.71846545008001,"case",168.732888060769,"liver-1-neg-15-41"
"liver-1-neg-15-8",11.1680443600434,"case",46.9694489336028,"liver-1-neg-15-8"
"liver-1-neg-15-9",-0.0801757795961056,"case",-34.5369890594712,"liver-1-neg-15-9"
"liver-1-neg-16-10",-20.133770512072,"case",44.1176064974474,"liver-1-neg-16-10"
"liver-1-neg-16-13",6.31341886538757,"case",52.4633305463895,"liver-1-neg-16-13"
"liver-1-neg-16-14",3.23632805659927,"case",143.93194288467,"liver-1-neg-16-14"
"liver-1-neg-16-15",-10.4779291690426,"case",96.7430706006959,"liver-1-neg-16-15"
"liver-1-neg-16-19",20.1064451480096,"case",213.767733248219,"liver-1-neg-16-19"
"liver-1-neg-16-20",20.0766282915068,"case",283.973099466134,"liver-1-neg-16-20"
"liver-1-neg-16-22",4.72420767005571,"case",225.120450019827,"liver-1-neg-16-22"
"liver-1-neg-16-23",20.8211637263133,"case",265.558171436995,"liver-1-neg-16-23"
"liver-1-neg-16-24",-21.4329521313737,"case",390.237491703655,"liver-1-neg-16-24"
"liver-1-neg-16-26",-26.2371533776498,"case",273.406898143434,"liver-1-neg-16-26"
"liver-1-neg-16-40",1.66493707542555,"case",170.067544762512,"liver-1-neg-16-40"
"liver-1-neg-16-49",22.2612875613509,"case",-71.0167709316213,"liver-1-neg-16-49"
"liver-1-neg-16-54",7.7039426564774,"case",-75.5261689231301,"liver-1-neg-16-54"
"liver-1-neg-16-7",12.1812111521689,"case",45.820353105322,"liver-1-neg-16-7"
"liver-1-neg-16-8",16.9926354009198,"case",2.51199679712353,"liver-1-neg-16-8"
"liver-1-neg-16-9",14.2910056924144,"case",-5.55322608380432,"liver-1-neg-16-9"
"liver-1-neg-17-10",-23.7506469223782,"case",-81.1036666517169,"liver-1-neg-17-10"
"liver-1-neg-17-11",-22.8183975204895,"case",53.2831474529434,"liver-1-neg-17-11"
"liver-1-neg-17-12",11.8867708034552,"case",-12.8045922719722,"liver-1-neg-17-12"
"liver-1-neg-17-13",-0.690655732296473,"case",-82.3089428627498,"liver-1-neg-17-13"
"liver-1-neg-17-14",8.86114280465611,"case",-105.158948729717,"liver-1-neg-17-14"
"liver-1-neg-17-15",4.30786645045439,"case",-142.167858821705,"liver-1-neg-17-15"
"liver-1-neg-17-16",-1.07236030957281,"case",-43.3740980925384,"liver-1-neg-17-16"
"liver-1-neg-17-17",-19.5977393339198,"case",-45.3136702640538,"liver-1-neg-17-17"
"liver-1-neg-17-18",-33.0464644742915,"case",3.69353004633158,"liver-1-neg-17-18"
"liver-1-neg-17-20",-20.9279116138834,"case",195.170872032048,"liver-1-neg-17-20"
"liver-1-neg-17-21",-6.47561590790589,"case",126.219953894112,"liver-1-neg-17-21"
"liver-1-neg-17-22",-23.2681343638493,"case",205.989278346121,"liver-1-neg-17-22"
"liver-1-neg-17-23",-9.38856267717988,"case",166.927215093331,"liver-1-neg-17-23"
"liver-1-neg-17-24",-8.40922940264151,"case",204.638015486965,"liver-1-neg-17-24"
"liver-1-neg-17-25",-29.1588545524002,"case",175.544365154625,"liver-1-neg-17-25"
"liver-1-neg-17-26",4.72730239564368,"case",260.24628309567,"liver-1-neg-17-26"
"liver-1-neg-17-27",11.4580995297133,"case",200.293452201515,"liver-1-neg-17-27"
"liver-1-neg-17-49",-28.9306944729363,"case",-106.099960983027,"liver-1-neg-17-49"
"liver-1-neg-17-7",16.1075962524498,"case",-65.9389670863468,"liver-1-neg-17-7"
"liver-1-neg-17-8",-7.1064656858579,"case",-3.70779750140004,"liver-1-neg-17-8"
"liver-1-neg-17-9",12.9377565742438,"case",2.1969099040135,"liver-1-neg-17-9"
"liver-1-neg-18-10",10.149211520792,"case",-181.415222636486,"liver-1-neg-18-10"
"liver-1-neg-18-11",9.87044464863919,"case",-133.282410410675,"liver-1-neg-18-11"
"liver-1-neg-18-12",-15.2935569967321,"case",-112.949460892596,"liver-1-neg-18-12"
"liver-1-neg-18-13",-27.7207987474958,"case",-28.2103263806521,"liver-1-neg-18-13"
"liver-1-neg-18-14",-4.01255094353819,"case",-60.7174374937825,"liver-1-neg-18-14"
"liver-1-neg-18-15",-27.7022272950707,"case",6.45717051373282,"liver-1-neg-18-15"
"liver-1-neg-18-16",-15.6712723942918,"case",35.8403743199712,"liver-1-neg-18-16"
"liver-1-neg-18-17",6.16554454138282,"case",116.461534247613,"liver-1-neg-18-17"
"liver-1-neg-18-18",-18.6512902183825,"case",62.0307919082799,"liver-1-neg-18-18"
"liver-1-neg-18-20",-14.4884973317878,"case",174.169555351322,"liver-1-neg-18-20"
"liver-1-neg-18-21",-21.0877732676212,"case",26.3010278853926,"liver-1-neg-18-21"
"liver-1-neg-18-22",-12.7642858681519,"case",-20.3408423300911,"liver-1-neg-18-22"
"liver-1-neg-18-25",-16.0876408036316,"case",-67.2945988980989,"liver-1-neg-18-25"
"liver-1-neg-18-26",-11.0218639982784,"case",42.9842915432004,"liver-1-neg-18-26"
"liver-1-neg-18-27",-7.57855805031813,"case",234.966688512173,"liver-1-neg-18-27"
"liver-1-neg-18-49",0.400305564019004,"case",19.086818131832,"liver-1-neg-18-49"
"liver-1-neg-18-50",28.0441226519753,"case",40.2834447583226,"liver-1-neg-18-50"
"liver-1-neg-18-7",7.67572919690494,"case",-158.432096492983,"liver-1-neg-18-7"
"liver-1-neg-18-8",7.60855764904399,"case",-118.300270276072,"liver-1-neg-18-8"
"liver-1-neg-18-9",14.9780980784203,"case",-191.318754929701,"liver-1-neg-18-9"
"liver-1-neg-19-10",-4.033754843051,"case",-57.7069403877133,"liver-1-neg-19-10"
"liver-1-neg-19-11",-7.54268782021383,"case",-25.1711741437577,"liver-1-neg-19-11"
"liver-1-neg-19-12",-19.9111582103742,"case",-7.74192987957845,"liver-1-neg-19-12"
"liver-1-neg-19-13",-9.40929341327603,"case",13.691746782117,"liver-1-neg-19-13"
"liver-1-neg-19-14",-22.9936627362754,"case",25.9011072628202,"liver-1-neg-19-14"
"liver-1-neg-19-15",-6.95071803955558,"case",37.4741369158062,"liver-1-neg-19-15"
"liver-1-neg-19-18",-9.63655528342863,"case",28.4576217112719,"liver-1-neg-19-18"
"liver-1-neg-19-20",-19.4893455461638,"case",175.740641785668,"liver-1-neg-19-20"
"liver-1-neg-19-21",-7.81977939586288,"case",113.537583944145,"liver-1-neg-19-21"
"liver-1-neg-19-22",3.24073384622443,"case",161.520760515855,"liver-1-neg-19-22"
"liver-1-neg-19-25",-23.4063379756178,"case",17.7925310041467,"liver-1-neg-19-25"
"liver-1-neg-19-26",-19.4442581912281,"case",-17.2049779527252,"liver-1-neg-19-26"
"liver-1-neg-19-27",-4.98063166685869,"case",-71.6658965062254,"liver-1-neg-19-27"
"liver-1-neg-19-49",8.82682310740582,"case",24.7059460086602,"liver-1-neg-19-49"
"liver-1-neg-19-50",8.80628341025644,"case",-85.8166565036063,"liver-1-neg-19-50"
"liver-1-neg-19-7",-5.4541386392011,"case",-101.637172738891,"liver-1-neg-19-7"
"liver-1-neg-19-8",-24.5078578714944,"case",-58.9834512212192,"liver-1-neg-19-8"
"liver-1-neg-19-9",-15.8131604591382,"case",-43.9206800149053,"liver-1-neg-19-9"
"liver-1-neg-20-10",16.7055934174024,"case",-49.9106054776971,"liver-1-neg-20-10"
"liver-1-neg-20-11",-24.8218140738851,"case",-37.5943453866183,"liver-1-neg-20-11"
"liver-1-neg-20-12",-10.5283618956205,"case",-32.9913397188524,"liver-1-neg-20-12"
"liver-1-neg-20-13",-19.4842779104637,"case",6.35192540333884,"liver-1-neg-20-13"
"liver-1-neg-20-14",-17.8776160867402,"case",-46.1091126846848,"liver-1-neg-20-14"
"liver-1-neg-20-15",-21.8189277847359,"case",-20.6670091353012,"liver-1-neg-20-15"
"liver-1-neg-20-18",-14.3958714861486,"case",14.5491477922792,"liver-1-neg-20-18"
"liver-1-neg-20-21",-11.5251099444712,"case",125.548381283729,"liver-1-neg-20-21"
"liver-1-neg-20-22",1.75628828420334,"case",202.491456959044,"liver-1-neg-20-22"
"liver-1-neg-20-27",-19.7126725797118,"case",-2.93666410720406,"liver-1-neg-20-27"
"liver-1-neg-20-49",-17.0560019713686,"case",-8.55247237567246,"liver-1-neg-20-49"
"liver-1-neg-20-50",-23.2985017439034,"case",-23.9717717425131,"liver-1-neg-20-50"
"liver-1-neg-20-58",40.6657602825686,"case",19.7618692128389,"liver-1-neg-20-58"
"liver-1-neg-20-7",29.8447410297742,"case",-107.939014991746,"liver-1-neg-20-7"
"liver-1-neg-20-8",-38.7397006492963,"case",99.4762599335388,"liver-1-neg-20-8"
"liver-1-neg-20-9",-21.0724660993685,"case",28.1599039902379,"liver-1-neg-20-9"
"liver-1-neg-21-10",-3.48040343297546,"case",-43.0535451261585,"liver-1-neg-21-10"
"liver-1-neg-21-11",-27.5629220290114,"case",32.0316298727055,"liver-1-neg-21-11"
"liver-1-neg-21-12",-21.2984206642084,"case",-17.6673433728311,"liver-1-neg-21-12"
"liver-1-neg-21-13",-6.21325821052652,"case",11.2543620447358,"liver-1-neg-21-13"
"liver-1-neg-21-14",-39.3058753273311,"case",-37.3350885849992,"liver-1-neg-21-14"
"liver-1-neg-21-15",-17.2369530140909,"case",-13.4793541365458,"liver-1-neg-21-15"
"liver-1-neg-21-16",-20.1373179084356,"case",22.9627001940067,"liver-1-neg-21-16"
"liver-1-neg-21-17",-12.9280522007799,"case",47.3042785245648,"liver-1-neg-21-17"
"liver-1-neg-21-18",-34.5319174128982,"case",1.3882138047675,"liver-1-neg-21-18"
"liver-1-neg-21-21",7.36712113682461,"case",154.313546027663,"liver-1-neg-21-21"
"liver-1-neg-21-49",-10.8088003042197,"case",6.85945919946783,"liver-1-neg-21-49"
"liver-1-neg-21-50",10.8604041556783,"case",45.8085790533815,"liver-1-neg-21-50"
"liver-1-neg-21-54",24.7538416161639,"case",-1.1943057561528,"liver-1-neg-21-54"
"liver-1-neg-21-55",6.06259534996884,"case",25.7652061626458,"liver-1-neg-21-55"
"liver-1-neg-21-56",37.0367356909468,"case",33.8576141366403,"liver-1-neg-21-56"
"liver-1-neg-21-57",-15.609325315697,"case",-58.0958606863071,"liver-1-neg-21-57"
"liver-1-neg-21-58",26.7516643287577,"case",21.6509572187204,"liver-1-neg-21-58"
"liver-1-neg-21-8",-33.4617857868603,"case",-28.9727866222636,"liver-1-neg-21-8"
"liver-1-neg-21-9",-13.1882864970687,"case",-19.0141882080482,"liver-1-neg-21-9"
"liver-1-neg-22-10",4.44910469940288,"case",-42.3182482671532,"liver-1-neg-22-10"
"liver-1-neg-22-11",-0.404069211511964,"case",-3.1602583053793,"liver-1-neg-22-11"
"liver-1-neg-22-12",-3.59542227278272,"case",-38.0665967928672,"liver-1-neg-22-12"
"liver-1-neg-22-13",-10.1974292709996,"case",-3.34508400866919,"liver-1-neg-22-13"
"liver-1-neg-22-14",13.472083068188,"case",47.6113916499475,"liver-1-neg-22-14"
"liver-1-neg-22-15",-38.8462369218309,"case",-38.746206474607,"liver-1-neg-22-15"
"liver-1-neg-22-16",-15.2864360813734,"case",-26.1870778689884,"liver-1-neg-22-16"
"liver-1-neg-22-17",-10.1812557306054,"case",0.273362438461965,"liver-1-neg-22-17"
"liver-1-neg-22-24",-40.0724187982891,"case",170.392663004334,"liver-1-neg-22-24"
"liver-1-neg-22-34",-23.6349931177167,"case",-47.5875831012245,"liver-1-neg-22-34"
"liver-1-neg-22-49",15.0363440536028,"case",34.3972196145828,"liver-1-neg-22-49"
"liver-1-neg-22-50",-4.93814621579804,"case",58.5715966285905,"liver-1-neg-22-50"
"liver-1-neg-22-54",-24.7609770162206,"case",51.2675660790759,"liver-1-neg-22-54"
"liver-1-neg-22-55",22.3382593111123,"case",67.6767200845433,"liver-1-neg-22-55"
"liver-1-neg-22-56",17.6442948404863,"case",-50.9921095541319,"liver-1-neg-22-56"
"liver-1-neg-22-57",15.9077069295966,"case",-66.1615805150852,"liver-1-neg-22-57"
"liver-1-neg-22-8",-26.0789082296609,"case",-49.3280224715942,"liver-1-neg-22-8"
"liver-1-neg-22-9",-13.5612434645576,"case",-42.8793040598854,"liver-1-neg-22-9"
"liver-1-neg-23-10",-7.68511294801381,"case",27.5332509968231,"liver-1-neg-23-10"
"liver-1-neg-23-11",7.22779462506091,"case",-23.5238018459589,"liver-1-neg-23-11"
"liver-1-neg-23-12",-10.2107242154953,"case",-85.2872796833867,"liver-1-neg-23-12"
"liver-1-neg-23-13",-10.957686802829,"case",-34.7877409398984,"liver-1-neg-23-13"
"liver-1-neg-23-14",-12.1193097666601,"case",38.0070267290762,"liver-1-neg-23-14"
"liver-1-neg-23-15",37.2547874735937,"case",23.3554630309551,"liver-1-neg-23-15"
"liver-1-neg-23-16",10.6565612886631,"case",-40.2295525679933,"liver-1-neg-23-16"
"liver-1-neg-23-17",1.7107273673716,"case",-54.7080256417796,"liver-1-neg-23-17"
"liver-1-neg-23-18",-2.86573137347881,"case",16.9796971618707,"liver-1-neg-23-18"
"liver-1-neg-23-25",-38.7058595598518,"case",114.868542596867,"liver-1-neg-23-25"
"liver-1-neg-23-48",2.92980786620694,"case",-42.0121871866888,"liver-1-neg-23-48"
"liver-1-neg-23-49",9.65949748600416,"case",20.0974869956021,"liver-1-neg-23-49"
"liver-1-neg-23-53",-15.0629588338034,"case",-8.03824823184006,"liver-1-neg-23-53"
"liver-1-neg-23-54",-2.80505985679201,"case",-12.6520024760342,"liver-1-neg-23-54"
"liver-1-neg-23-55",-0.355425513055231,"case",-20.2685439095812,"liver-1-neg-23-55"
"liver-1-neg-23-56",19.1759034242186,"case",-31.177857885448,"liver-1-neg-23-56"
"liver-1-neg-23-57",14.5345656047186,"case",-90.4435901833972,"liver-1-neg-23-57"
"liver-1-neg-24-10",-18.0343719296292,"case",-58.9836640118928,"liver-1-neg-24-10"
"liver-1-neg-24-11",-21.8068523962351,"case",-79.3016200591672,"liver-1-neg-24-11"
"liver-1-neg-24-12",-9.79543580798154,"case",-48.6912026575599,"liver-1-neg-24-12"
"liver-1-neg-24-13",-13.7737384995165,"case",-106.097505791276,"liver-1-neg-24-13"
"liver-1-neg-24-14",-23.0594851806384,"case",12.1670118124373,"liver-1-neg-24-14"
"liver-1-neg-24-15",16.7853898229474,"case",10.1010586207816,"liver-1-neg-24-15"
"liver-1-neg-24-16",28.1995594183151,"case",6.50847680221435,"liver-1-neg-24-16"
"liver-1-neg-24-17",-23.9968198995954,"case",-78.8839638455943,"liver-1-neg-24-17"
"liver-1-neg-24-18",-13.3623073780878,"case",-58.9622979676341,"liver-1-neg-24-18"
"liver-1-neg-24-37",-11.0421243435595,"case",36.2048892331661,"liver-1-neg-24-37"
"liver-1-neg-24-38",-26.205083865239,"case",-35.5604266825497,"liver-1-neg-24-38"
"liver-1-neg-24-39",-5.46673510335848,"case",-128.516508955987,"liver-1-neg-24-39"
"liver-1-neg-24-40",-11.3472283343824,"case",-97.7459160032863,"liver-1-neg-24-40"
"liver-1-neg-24-41",-37.0015172602049,"case",28.5024123697751,"liver-1-neg-24-41"
"liver-1-neg-24-48",-16.5803948547585,"case",-12.7987891418297,"liver-1-neg-24-48"
"liver-1-neg-24-49",-19.5491768362569,"case",13.8858107368099,"liver-1-neg-24-49"
"liver-1-neg-24-52",-11.4143426439717,"case",4.79543254582445,"liver-1-neg-24-52"
"liver-1-neg-24-53",2.80054558132556,"case",-63.5679207961963,"liver-1-neg-24-53"
"liver-1-neg-24-54",6.37270158676256,"case",-92.948892057192,"liver-1-neg-24-54"
"liver-1-neg-24-55",26.9121276837434,"case",-57.4298019257929,"liver-1-neg-24-55"
"liver-1-neg-24-56",7.85373864579441,"case",-105.772967181407,"liver-1-neg-24-56"
"liver-1-neg-24-57",20.9470425632679,"case",-13.9992360483921,"liver-1-neg-24-57"
"liver-1-neg-24-58",47.4536376224244,"case",-60.0765507700997,"liver-1-neg-24-58"
"liver-1-neg-25-10",-8.77096753261657,"case",-20.4266612060239,"liver-1-neg-25-10"
"liver-1-neg-25-11",-7.2631757539483,"case",-88.14353448787,"liver-1-neg-25-11"
"liver-1-neg-25-12",-34.5525839036428,"case",23.0599829694453,"liver-1-neg-25-12"
"liver-1-neg-25-13",3.13322227471753,"case",7.41757394192907,"liver-1-neg-25-13"
"liver-1-neg-25-14",-12.8163958311682,"case",-7.85281560066151,"liver-1-neg-25-14"
"liver-1-neg-25-15",17.0154387539698,"case",49.2006552019187,"liver-1-neg-25-15"
"liver-1-neg-25-16",-14.5715850842813,"case",-17.3287576463063,"liver-1-neg-25-16"
"liver-1-neg-25-17",-7.9558148860826,"case",-58.9524562399315,"liver-1-neg-25-17"
"liver-1-neg-25-18",-20.967055186984,"case",42.6644346619004,"liver-1-neg-25-18"
"liver-1-neg-25-19",-3.3255114696682,"case",80.1417979895653,"liver-1-neg-25-19"
"liver-1-neg-25-39",-29.8511501434622,"case",4.85167814558595,"liver-1-neg-25-39"
"liver-1-neg-25-40",-53.0884957246931,"case",5.62308298396468,"liver-1-neg-25-40"
"liver-1-neg-25-41",-26.824412063583,"case",-45.262733155203,"liver-1-neg-25-41"
"liver-1-neg-25-42",-43.3921780699125,"case",-59.6931012377399,"liver-1-neg-25-42"
"liver-1-neg-25-43",-35.0893242715742,"case",-22.046932075165,"liver-1-neg-25-43"
"liver-1-neg-25-48",-19.8748319360117,"case",-27.7860269951177,"liver-1-neg-25-48"
"liver-1-neg-25-53",12.3731847318161,"case",-48.8811761128697,"liver-1-neg-25-53"
"liver-1-neg-25-54",9.96565741013954,"case",-118.801422953298,"liver-1-neg-25-54"
"liver-1-neg-25-55",-6.8124244993817,"case",-97.7979794601665,"liver-1-neg-25-55"
"liver-1-neg-25-56",-27.4028173973676,"case",-106.168613028746,"liver-1-neg-25-56"
"liver-1-neg-25-57",22.8097823172477,"case",-50.8450366594946,"liver-1-neg-25-57"
"liver-1-neg-25-58",10.3925117692273,"case",-101.78993540249,"liver-1-neg-25-58"
"liver-1-neg-26-10",0.497381412659176,"case",-41.0917281332602,"liver-1-neg-26-10"
"liver-1-neg-26-11",-6.52726557002606,"case",-27.7380844107143,"liver-1-neg-26-11"
"liver-1-neg-26-12",-11.012392724764,"case",28.9724743575574,"liver-1-neg-26-12"
"liver-1-neg-26-13",-25.4911986356189,"case",44.8333537334894,"liver-1-neg-26-13"
"liver-1-neg-26-16",-24.842621639842,"case",28.6764032228862,"liver-1-neg-26-16"
"liver-1-neg-26-17",-12.934304129764,"case",15.2567718431963,"liver-1-neg-26-17"
"liver-1-neg-26-20",-45.4966287916959,"case",44.4259038740803,"liver-1-neg-26-20"
"liver-1-neg-26-22",-25.6994304847616,"case",237.539466999635,"liver-1-neg-26-22"
"liver-1-neg-26-23",-21.5712615329837,"case",227.57656635689,"liver-1-neg-26-23"
"liver-1-neg-26-25",-27.5965937901007,"case",-47.6399529109149,"liver-1-neg-26-25"
"liver-1-neg-26-26",-42.9648837614944,"case",-9.32219486080571,"liver-1-neg-26-26"
"liver-1-neg-26-27",-24.406577598318,"case",-49.2599899256612,"liver-1-neg-26-27"
"liver-1-neg-26-31",-25.3853960446197,"case",-35.647270560765,"liver-1-neg-26-31"
"liver-1-neg-26-32",-45.7108807969555,"case",-4.57620240168958,"liver-1-neg-26-32"
"liver-1-neg-26-34",-55.6838191685686,"case",64.3674147876285,"liver-1-neg-26-34"
"liver-1-neg-26-35",-27.654467408075,"case",-72.7843845192261,"liver-1-neg-26-35"
"liver-1-neg-26-39",-55.8236034870053,"case",-9.62272685317549,"liver-1-neg-26-39"
"liver-1-neg-26-40",-4.58060463596329,"case",-16.4877055258566,"liver-1-neg-26-40"
"liver-1-neg-26-41",-20.9875376441503,"case",20.285880949103,"liver-1-neg-26-41"
"liver-1-neg-26-42",-40.1307165892054,"case",-82.6921802767192,"liver-1-neg-26-42"
"liver-1-neg-26-43",-51.9529566806424,"case",-85.1863519731224,"liver-1-neg-26-43"
"liver-1-neg-26-44",-11.9494255691672,"case",-111.837491493307,"liver-1-neg-26-44"
"liver-1-neg-26-45",-30.9666105495141,"case",-3.90309187212388,"liver-1-neg-26-45"
"liver-1-neg-26-46",-35.5091458341603,"case",83.5595009694729,"liver-1-neg-26-46"
"liver-1-neg-26-47",-14.201934463343,"case",-17.39057920063,"liver-1-neg-26-47"
"liver-1-neg-26-48",-22.0169905837086,"case",-54.3680183774678,"liver-1-neg-26-48"
"liver-1-neg-26-49",-15.1569020462213,"case",-25.6581170580339,"liver-1-neg-26-49"
"liver-1-neg-26-54",-17.0512286336757,"case",-113.777267183126,"liver-1-neg-26-54"
"liver-1-neg-26-55",-20.316784983218,"case",-33.7888747040153,"liver-1-neg-26-55"
"liver-1-neg-26-56",-18.0695398441946,"case",-43.5042450259271,"liver-1-neg-26-56"
"liver-1-neg-26-57",5.34236975461724,"case",-58.1677418045259,"liver-1-neg-26-57"
"liver-1-neg-26-58",-37.7171332193213,"case",-94.1502975608658,"liver-1-neg-26-58"
"liver-1-neg-26-8",20.2308228169707,"case",-16.4882693237847,"liver-1-neg-26-8"
"liver-1-neg-26-9",-26.876098048451,"case",41.7090296597858,"liver-1-neg-26-9"
"liver-1-neg-27-10",-8.39148656643519,"case",-48.7304304992463,"liver-1-neg-27-10"
"liver-1-neg-27-11",-6.12467202050722,"case",-44.7367026706892,"liver-1-neg-27-11"
"liver-1-neg-27-15",-27.2699814045424,"case",-24.3666426807835,"liver-1-neg-27-15"
"liver-1-neg-27-16",-23.9418182035874,"case",-37.5022806925946,"liver-1-neg-27-16"
"liver-1-neg-27-17",-17.3032892051076,"case",-11.791104298604,"liver-1-neg-27-17"
"liver-1-neg-27-21",-39.5182407535235,"case",136.141183347369,"liver-1-neg-27-21"
"liver-1-neg-27-22",-17.9742532601153,"case",133.21426653112,"liver-1-neg-27-22"
"liver-1-neg-27-24",-8.34286589673712,"case",-67.7731911983466,"liver-1-neg-27-24"
"liver-1-neg-27-25",-4.3770515515041,"case",-8.40178070736828,"liver-1-neg-27-25"
"liver-1-neg-27-26",-42.8615116246493,"case",-44.3410147010129,"liver-1-neg-27-26"
"liver-1-neg-27-27",-52.0025615898224,"case",31.488680671114,"liver-1-neg-27-27"
"liver-1-neg-27-30",-14.6488228998984,"case",-20.0029880238659,"liver-1-neg-27-30"
"liver-1-neg-27-31",-40.5940336913046,"case",-31.2959626574801,"liver-1-neg-27-31"
"liver-1-neg-27-32",-18.7941399641387,"case",-17.6262033795819,"liver-1-neg-27-32"
"liver-1-neg-27-39",-29.6231857893309,"case",-77.5313021810682,"liver-1-neg-27-39"
"liver-1-neg-27-40",-33.3597595722869,"case",12.7646291077445,"liver-1-neg-27-40"
"liver-1-neg-27-41",-18.169414042904,"case",-52.990878481355,"liver-1-neg-27-41"
"liver-1-neg-27-42",-21.8190017718464,"case",-79.597812788593,"liver-1-neg-27-42"
"liver-1-neg-27-43",-49.7310727716798,"case",-68.1448554513793,"liver-1-neg-27-43"
"liver-1-neg-27-44",-31.1652195207681,"case",148.969139975618,"liver-1-neg-27-44"
"liver-1-neg-27-45",-5.52385201950531,"case",-113.843860218155,"liver-1-neg-27-45"
"liver-1-neg-27-46",1.53287375648112,"case",-162.71942824711,"liver-1-neg-27-46"
"liver-1-neg-27-47",-28.8921626156011,"case",-61.7053825622304,"liver-1-neg-27-47"
"liver-1-neg-27-48",-33.2448270689946,"case",-32.4935450327241,"liver-1-neg-27-48"
"liver-1-neg-27-49",-44.6592972809102,"case",-12.8139344447534,"liver-1-neg-27-49"
"liver-1-neg-27-50",-50.8038108803699,"case",39.5328021130566,"liver-1-neg-27-50"
"liver-1-neg-27-54",-4.54335513209762,"case",-46.895246916996,"liver-1-neg-27-54"
"liver-1-neg-27-55",-1.64009240099215,"case",-28.0207845455547,"liver-1-neg-27-55"
"liver-1-neg-27-56",24.7939476932372,"case",-84.9758972660131,"liver-1-neg-27-56"
"liver-1-neg-27-57",-7.77950365105545,"case",-100.787374590228,"liver-1-neg-27-57"
"liver-1-neg-27-58",-14.0678284137408,"case",-96.3930897751956,"liver-1-neg-27-58"
"liver-1-neg-27-8",20.700257575224,"case",-88.3912702130526,"liver-1-neg-27-8"
"liver-1-neg-27-9",-20.0652503006095,"case",-51.3040169498672,"liver-1-neg-27-9"
"liver-1-neg-28-10",-18.0298228800904,"case",56.6424798400741,"liver-1-neg-28-10"
"liver-1-neg-28-13",-9.68210730209116,"case",-41.7744650261263,"liver-1-neg-28-13"
"liver-1-neg-28-14",-0.772745667608943,"case",19.7509188535168,"liver-1-neg-28-14"
"liver-1-neg-28-15",-38.3234659194783,"case",-53.6228621906523,"liver-1-neg-28-15"
"liver-1-neg-28-16",-15.8008742101687,"case",29.2645972840241,"liver-1-neg-28-16"
"liver-1-neg-28-19",-16.4753313254749,"case",-84.5332204534602,"liver-1-neg-28-19"
"liver-1-neg-28-31",-35.3645904089399,"case",-59.5555719559528,"liver-1-neg-28-31"
"liver-1-neg-28-32",-32.2947463284131,"case",-34.655291895698,"liver-1-neg-28-32"
"liver-1-neg-28-39",-20.328469663807,"case",-34.5954177117379,"liver-1-neg-28-39"
"liver-1-neg-28-40",-22.3478871562437,"case",-56.4285580881709,"liver-1-neg-28-40"
"liver-1-neg-28-41",-47.8048566856453,"case",-43.4633996093999,"liver-1-neg-28-41"
"liver-1-neg-28-42",-28.1689199743879,"case",-89.3019172789761,"liver-1-neg-28-42"
"liver-1-neg-28-43",-15.2485761197189,"case",-74.5341302070708,"liver-1-neg-28-43"
"liver-1-neg-28-44",-36.6078406220897,"case",-26.0012126914188,"liver-1-neg-28-44"
"liver-1-neg-28-45",-20.7344924139448,"case",-38.8396784830559,"liver-1-neg-28-45"
"liver-1-neg-28-46",-25.7120749062694,"case",39.3085309633109,"liver-1-neg-28-46"
"liver-1-neg-28-47",-17.2340572367122,"case",-153.012316613976,"liver-1-neg-28-47"
"liver-1-neg-28-49",1.53741245254922,"case",-147.15050816308,"liver-1-neg-28-49"
"liver-1-neg-28-50",-16.884413378234,"case",-24.3061866002711,"liver-1-neg-28-50"
"liver-1-neg-28-54",-22.9593047680107,"case",-10.1512275960147,"liver-1-neg-28-54"
"liver-1-neg-28-55",-10.5997824670787,"case",-34.723946294188,"liver-1-neg-28-55"
"liver-1-neg-28-56",-21.5178075143797,"case",-57.834716056202,"liver-1-neg-28-56"
"liver-1-neg-28-57",-9.5810166866551,"case",-88.9018111615044,"liver-1-neg-28-57"
"liver-1-neg-28-8",39.0090864921257,"case",-53.1346228206086,"liver-1-neg-28-8"
"liver-1-neg-28-9",-23.9521185113881,"case",23.232369031266,"liver-1-neg-28-9"
"liver-1-neg-29-13",-2.50031503348461,"case",18.8504836409354,"liver-1-neg-29-13"
"liver-1-neg-29-14",-12.3299563447126,"case",18.2531861839538,"liver-1-neg-29-14"
"liver-1-neg-29-15",-9.89741283434153,"case",70.7395536720533,"liver-1-neg-29-15"
"liver-1-neg-29-16",-10.2015915683181,"case",21.4652917828448,"liver-1-neg-29-16"
"liver-1-neg-29-25",-27.7732341366411,"case",157.047637942555,"liver-1-neg-29-25"
"liver-1-neg-29-31",-33.2216139006325,"case",-45.6412747917398,"liver-1-neg-29-31"
"liver-1-neg-29-32",-26.2274754355804,"case",0.815957879345866,"liver-1-neg-29-32"
"liver-1-neg-29-39",-24.3842352734694,"case",53.4344197877827,"liver-1-neg-29-39"
"liver-1-neg-29-40",-22.9480398053455,"case",-41.8090866415483,"liver-1-neg-29-40"
"liver-1-neg-29-41",-11.101863602272,"case",52.4617008342707,"liver-1-neg-29-41"
"liver-1-neg-29-42",-32.6233980047174,"case",-21.7988537630826,"liver-1-neg-29-42"
"liver-1-neg-29-43",-47.9026341065949,"case",15.0948211832143,"liver-1-neg-29-43"
"liver-1-neg-29-44",-7.31982419805336,"case",43.0683380301175,"liver-1-neg-29-44"
"liver-1-neg-29-47",-3.89793552669029,"case",9.70846442875722,"liver-1-neg-29-47"
"liver-1-neg-29-48",-15.6983284245032,"case",-113.892256128324,"liver-1-neg-29-48"
"liver-1-neg-29-8",26.3737760964656,"case",11.5455940790884,"liver-1-neg-29-8"
"liver-1-neg-29-9",-15.5547430857918,"case",50.5791353189415,"liver-1-neg-29-9"
"liver-1-neg-30-10",-31.8000438161464,"case",93.9291120955134,"liver-1-neg-30-10"
"liver-1-neg-30-11",-13.8698513620347,"case",40.7509689370432,"liver-1-neg-30-11"
"liver-1-neg-30-12",-7.81393690013349,"case",34.5448447912248,"liver-1-neg-30-12"
"liver-1-neg-30-13",-12.0863952820149,"case",1.80946942755825,"liver-1-neg-30-13"
"liver-1-neg-30-14",6.96080738892394,"case",70.2135046629291,"liver-1-neg-30-14"
"liver-1-neg-30-16",-2.844202072062,"case",98.4707080533612,"liver-1-neg-30-16"
"liver-1-neg-30-17",-30.9648808259588,"case",68.7964715272771,"liver-1-neg-30-17"
"liver-1-neg-30-31",-24.1932648879006,"case",11.6277858314827,"liver-1-neg-30-31"
"liver-1-neg-30-42",-31.0154275695402,"case",-17.7979531554065,"liver-1-neg-30-42"
"liver-1-neg-30-43",-43.6821911345098,"case",-43.2908544151923,"liver-1-neg-30-43"
"liver-1-neg-30-44",-43.6982830494178,"case",38.7199834284021,"liver-1-neg-30-44"
"liver-1-neg-30-48",-8.18198340613386,"case",-41.0953540743739,"liver-1-neg-30-48"
"liver-1-neg-30-9",7.32291007999448,"case",-46.6235791826711,"liver-1-neg-30-9"
"liver-1-neg-31-10",-8.30855201467107,"case",3.06790823923212,"liver-1-neg-31-10"
"liver-1-neg-31-11",-2.96241181659612,"case",14.3661796844445,"liver-1-neg-31-11"
"liver-1-neg-31-12",-3.38258181345232,"case",47.3659955934727,"liver-1-neg-31-12"
"liver-1-neg-31-13",4.73933945725294,"case",20.3209641030766,"liver-1-neg-31-13"
"liver-1-neg-31-17",-17.1111936350784,"case",56.3093193799868,"liver-1-neg-31-17"
"liver-1-neg-31-18",-19.481128805039,"case",16.2412218863955,"liver-1-neg-31-18"
"liver-1-neg-31-31",-23.9240982832288,"case",-19.323385681144,"liver-1-neg-31-31"
"liver-1-neg-31-42",-28.9778490757232,"case",-35.6208850237537,"liver-1-neg-31-42"
"liver-1-neg-31-43",-38.2306448694765,"case",-41.8858951701124,"liver-1-neg-31-43"
"liver-1-neg-31-44",-31.5852370247705,"case",6.22228212539346,"liver-1-neg-31-44"
"liver-1-neg-31-47",-35.6869609526984,"case",20.1474584254231,"liver-1-neg-31-47"
"liver-1-neg-31-48",-39.5044609404119,"case",-5.21041766927279,"liver-1-neg-31-48"
"liver-1-neg-31-49",-33.5586782310694,"case",-110.175061568384,"liver-1-neg-31-49"
"liver-1-neg-31-9",0.848675817132477,"case",-162.661476516069,"liver-1-neg-31-9"
"liver-1-neg-32-11",-1.51404423104626,"case",45.2859680026653,"liver-1-neg-32-11"
"liver-1-neg-32-12",5.03867056111587,"case",45.5368889693614,"liver-1-neg-32-12"
"liver-1-neg-32-13",-12.0870611663351,"case",42.4353763870711,"liver-1-neg-32-13"
"liver-1-neg-32-14",-27.0682439966067,"case",13.8691168566629,"liver-1-neg-32-14"
"liver-1-neg-32-15",-13.5029787913205,"case",28.9675943538618,"liver-1-neg-32-15"
"liver-1-neg-32-16",-9.22715674764913,"case",28.1571923847001,"liver-1-neg-32-16"
"liver-1-neg-32-17",-26.2012411054214,"case",0.293902292455527,"liver-1-neg-32-17"
"liver-1-neg-32-18",-21.9574597449149,"case",-44.6138384757635,"liver-1-neg-32-18"
"liver-1-neg-32-19",4.02523124491293,"case",-14.3851203559266,"liver-1-neg-32-19"
"liver-1-neg-32-22",-20.9873750781771,"case",5.15820079730388,"liver-1-neg-32-22"
"liver-1-neg-32-24",-42.5639132645562,"case",171.763120565085,"liver-1-neg-32-24"
"liver-1-neg-32-25",-0.568050492761718,"case",151.749386750763,"liver-1-neg-32-25"
"liver-1-neg-32-36",-0.843395917125202,"case",-70.5014858184622,"liver-1-neg-32-36"
"liver-1-neg-32-41",-31.1872748794037,"case",9.65531323049102,"liver-1-neg-32-41"
"liver-1-neg-32-42",-33.3963103674001,"case",-43.0714453726687,"liver-1-neg-32-42"
"liver-1-neg-32-43",-49.2822593271916,"case",-24.0214029446841,"liver-1-neg-32-43"
"liver-1-neg-32-45",-21.555382863906,"case",-27.8367268720055,"liver-1-neg-32-45"
"liver-1-neg-32-46",-44.7490200565992,"case",-33.5228455074582,"liver-1-neg-32-46"
"liver-1-neg-32-47",-28.9486964910711,"case",-7.96667650067337,"liver-1-neg-32-47"
"liver-1-neg-32-48",-13.6545026977091,"case",-6.30286783824766,"liver-1-neg-32-48"
"liver-1-neg-33-11",-1.83247448394103,"case",86.1264282585014,"liver-1-neg-33-11"
"liver-1-neg-33-12",-10.4397415072963,"case",-112.800103788497,"liver-1-neg-33-12"
"liver-1-neg-33-13",-14.6083822221356,"case",37.4576516936281,"liver-1-neg-33-13"
"liver-1-neg-33-14",-25.3055047503282,"case",55.8767361699784,"liver-1-neg-33-14"
"liver-1-neg-33-15",0.764539989903877,"case",-48.5613538340461,"liver-1-neg-33-15"
"liver-1-neg-33-16",-41.522286639155,"case",-26.9884597217818,"liver-1-neg-33-16"
"liver-1-neg-33-17",2.00972935811396,"case",36.8509355631677,"liver-1-neg-33-17"
"liver-1-neg-33-18",-39.2327381826185,"case",19.1120836094688,"liver-1-neg-33-18"
"liver-1-neg-33-19",-20.7418527712286,"case",-85.5231344188771,"liver-1-neg-33-19"
"liver-1-neg-33-20",-51.1070894767623,"case",-46.2532094060919,"liver-1-neg-33-20"
"liver-1-neg-33-21",-48.2912621396944,"case",-37.6004330571166,"liver-1-neg-33-21"
"liver-1-neg-33-22",-28.2452458110795,"case",22.214104350324,"liver-1-neg-33-22"
"liver-1-neg-33-23",-19.1621707263837,"case",43.7793099968996,"liver-1-neg-33-23"
"liver-1-neg-33-24",-23.7039028315118,"case",176.063088976837,"liver-1-neg-33-24"
"liver-1-neg-33-25",-17.5899869700885,"case",173.884823013042,"liver-1-neg-33-25"
"liver-1-neg-33-36",-48.6334560859636,"case",-17.5300931573755,"liver-1-neg-33-36"
"liver-1-neg-33-41",-15.8541164739958,"case",-29.3109008697504,"liver-1-neg-33-41"
"liver-1-neg-33-42",-45.4398516532163,"case",-25.1076068196664,"liver-1-neg-33-42"
"liver-1-neg-34-10",3.13071193295681,"case",-47.7978248872008,"liver-1-neg-34-10"
"liver-1-neg-34-11",-6.83897935700502,"case",109.679236134602,"liver-1-neg-34-11"
"liver-1-neg-34-12",7.12430802747395,"case",-66.0774307657921,"liver-1-neg-34-12"
"liver-1-neg-34-13",-0.327655004551526,"case",-48.9409817765769,"liver-1-neg-34-13"
"liver-1-neg-34-15",-23.8724283268664,"case",18.1894864183903,"liver-1-neg-34-15"
"liver-1-neg-34-16",-4.93630486594245,"case",16.694628058327,"liver-1-neg-34-16"
"liver-1-neg-34-17",-31.2008757531967,"case",62.2852292828528,"liver-1-neg-34-17"
"liver-1-neg-34-18",-54.5296851139488,"case",32.5010482638074,"liver-1-neg-34-18"
"liver-1-neg-34-19",-17.020942888773,"case",-107.703192809671,"liver-1-neg-34-19"
"liver-1-neg-34-20",-39.0678717546071,"case",29.9313328618849,"liver-1-neg-34-20"
"liver-1-neg-34-21",-13.987243546159,"case",-69.7663467083725,"liver-1-neg-34-21"
"liver-1-neg-34-22",-15.9535708413901,"case",58.9162908451602,"liver-1-neg-34-22"
"liver-1-neg-34-23",-2.51463479929491,"case",171.389628259927,"liver-1-neg-34-23"
"liver-1-neg-34-24",-25.4938208146431,"case",148.554087243613,"liver-1-neg-34-24"
"liver-1-neg-34-33",-39.1457461787419,"case",-94.7503280857885,"liver-1-neg-34-33"
"liver-1-neg-34-34",-42.4221783349944,"case",-26.1037931966822,"liver-1-neg-34-34"
"liver-1-neg-34-9",22.3339005872269,"case",-79.9750204844211,"liver-1-neg-34-9"
"liver-1-neg-35-10",-29.3432880155664,"case",106.297279706627,"liver-1-neg-35-10"
"liver-1-neg-35-13",8.62197176593176,"case",-23.8352892585443,"liver-1-neg-35-13"
"liver-1-neg-35-14",-14.0327795442138,"case",-107.927583987153,"liver-1-neg-35-14"
"liver-1-neg-35-16",-13.7989533596276,"case",-63.5198511337693,"liver-1-neg-35-16"
"liver-1-neg-35-17",-34.0915250266418,"case",-27.6277647521787,"liver-1-neg-35-17"
"liver-1-neg-35-18",-40.5690299732335,"case",-41.1518500748218,"liver-1-neg-35-18"
"liver-1-neg-35-19",-48.0199560696647,"case",-62.7983790484101,"liver-1-neg-35-19"
"liver-1-neg-35-20",-11.0413881078758,"case",14.0743133256637,"liver-1-neg-35-20"
"liver-1-neg-35-21",-28.2040569150594,"case",93.4548112772378,"liver-1-neg-35-21"
"liver-1-neg-35-23",-9.85755822206469,"case",98.8810998066481,"liver-1-neg-35-23"
"liver-1-neg-35-27",-28.0050499334204,"case",44.6056273696352,"liver-1-neg-35-27"
"liver-1-neg-35-28",-17.7269911666861,"case",37.6758447099817,"liver-1-neg-35-28"
"liver-1-neg-35-29",-16.5904253013976,"case",160.211204224254,"liver-1-neg-35-29"
"liver-1-neg-35-30",-29.5832510693713,"case",78.7230750218589,"liver-1-neg-35-30"
"liver-1-neg-35-38",-24.68288841644,"case",-26.4563674955088,"liver-1-neg-35-38"
"liver-1-neg-35-48",-14.8790457226665,"case",37.2145233964103,"liver-1-neg-35-48"
"liver-1-neg-35-49",-38.4680315108028,"case",12.0598694943043,"liver-1-neg-35-49"
"liver-1-neg-35-9",27.5758993448064,"case",-48.2261611447373,"liver-1-neg-35-9"
"liver-1-neg-36-13",-10.4730842507312,"case",3.84519146694137,"liver-1-neg-36-13"
"liver-1-neg-36-14",-22.6911728912095,"case",-20.2500209195518,"liver-1-neg-36-14"
"liver-1-neg-36-18",-7.44345133836612,"case",-134.10557072423,"liver-1-neg-36-18"
"liver-1-neg-36-19",25.8648100990103,"case",-97.4819147206797,"liver-1-neg-36-19"
"liver-1-neg-36-20",-20.3279608971662,"case",-59.9948913707302,"liver-1-neg-36-20"
"liver-1-neg-36-21",-20.9661851518248,"case",30.7168965543686,"liver-1-neg-36-21"
"liver-1-neg-36-25",-18.3023485118376,"case",-4.09424849778229,"liver-1-neg-36-25"
"liver-1-neg-36-26",-14.41525978065,"case",15.8643265227855,"liver-1-neg-36-26"
"liver-1-neg-36-27",-46.8214645889045,"case",32.4733883453378,"liver-1-neg-36-27"
"liver-1-neg-36-28",-41.9858893688567,"case",33.9389957803877,"liver-1-neg-36-28"
"liver-1-neg-36-29",-26.2898248928721,"case",170.617072559826,"liver-1-neg-36-29"
"liver-1-neg-36-30",-32.2143760794706,"case",127.296927047839,"liver-1-neg-36-30"
"liver-1-neg-36-31",-15.3086987441626,"case",84.9658208804324,"liver-1-neg-36-31"
"liver-1-neg-36-37",-10.828893139768,"case",20.5623735899796,"liver-1-neg-36-37"
"liver-1-neg-36-38",-47.6619255333773,"case",-94.1702798313288,"liver-1-neg-36-38"
"liver-1-neg-36-47",-19.9343682755921,"case",40.9194277757835,"liver-1-neg-36-47"
"liver-1-neg-36-48",2.1076495643227,"case",23.0526254161662,"liver-1-neg-36-48"
"liver-1-neg-36-49",-50.7634490050557,"case",17.1389692623911,"liver-1-neg-36-49"
"liver-1-neg-36-9",9.53243243837129,"case",-20.7327691131842,"liver-1-neg-36-9"
"liver-1-neg-37-13",-23.9636124617767,"case",-44.656302497634,"liver-1-neg-37-13"
"liver-1-neg-37-14",-17.67610856662,"case",-21.7091904698519,"liver-1-neg-37-14"
"liver-1-neg-37-20",-3.4828190079592,"case",-41.1327947981229,"liver-1-neg-37-20"
"liver-1-neg-37-21",-14.2540600349857,"case",-46.7995673963361,"liver-1-neg-37-21"
"liver-1-neg-37-22",-17.5452527146377,"case",29.0035105461673,"liver-1-neg-37-22"
"liver-1-neg-37-25",-25.2244653433081,"case",7.45445653291919,"liver-1-neg-37-25"
"liver-1-neg-37-26",-26.4941088534391,"case",-19.6648527258125,"liver-1-neg-37-26"
"liver-1-neg-37-27",-13.4799013711602,"case",-49.1170093529273,"liver-1-neg-37-27"
"liver-1-neg-37-28",-20.4353547122049,"case",103.524885442924,"liver-1-neg-37-28"
"liver-1-neg-37-29",-18.1598534374473,"case",104.730407883812,"liver-1-neg-37-29"
"liver-1-neg-37-30",-10.4718574986642,"case",113.346807571747,"liver-1-neg-37-30"
"liver-1-neg-37-36",-13.2561205664737,"case",-24.3898638120575,"liver-1-neg-37-36"
"liver-1-neg-37-37",-33.3427079899403,"case",-54.2896261093546,"liver-1-neg-37-37"
"liver-1-neg-37-38",-27.4827931249638,"case",-4.94896499511303,"liver-1-neg-37-38"
"liver-1-neg-37-42",-20.3678179089491,"case",-61.8744761164362,"liver-1-neg-37-42"
"liver-1-neg-37-43",-31.0713925785315,"case",-14.6889700749322,"liver-1-neg-37-43"
"liver-1-neg-37-47",-4.36051925555361,"case",-20.8496855479902,"liver-1-neg-37-47"
"liver-1-neg-37-48",-32.1367578607546,"case",41.7598435246471,"liver-1-neg-37-48"
"liver-1-neg-37-49",-2.18496879588691,"case",-25.4744562606538,"liver-1-neg-37-49"
"liver-1-neg-37-56",-0.729338108725363,"case",12.7458746823687,"liver-1-neg-37-56"
"liver-1-neg-37-57",13.2323812538202,"case",-27.8111445668932,"liver-1-neg-37-57"
"liver-1-neg-37-9",-14.3724208462257,"case",13.3035310856814,"liver-1-neg-37-9"
"liver-1-neg-38-10",3.01539880365005,"case",-32.0606575038073,"liver-1-neg-38-10"
"liver-1-neg-38-13",-28.7006216315731,"case",-16.7136408769601,"liver-1-neg-38-13"
"liver-1-neg-38-14",-6.67284147772101,"case",-23.6907524653011,"liver-1-neg-38-14"
"liver-1-neg-38-22",-56.7249477860726,"case",17.9903859266516,"liver-1-neg-38-22"
"liver-1-neg-38-23",-57.4537359583414,"case",79.5618398982186,"liver-1-neg-38-23"
"liver-1-neg-38-24",-38.8837298527362,"case",28.5029746367977,"liver-1-neg-38-24"
"liver-1-neg-38-25",-41.871794061665,"case",41.10926390238,"liver-1-neg-38-25"
"liver-1-neg-38-26",-19.5831654369168,"case",34.3263538860813,"liver-1-neg-38-26"
"liver-1-neg-38-27",-24.1521526499052,"case",-26.673628610342,"liver-1-neg-38-27"
"liver-1-neg-38-28",-28.1951869183871,"case",-11.8023747224268,"liver-1-neg-38-28"
"liver-1-neg-38-29",-37.1205517163406,"case",-10.1478310483111,"liver-1-neg-38-29"
"liver-1-neg-38-34",-18.2796321118189,"case",9.46467559653051,"liver-1-neg-38-34"
"liver-1-neg-38-36",-16.1918879627059,"case",28.698596055982,"liver-1-neg-38-36"
"liver-1-neg-38-37",-40.398587390276,"case",8.67565223919513,"liver-1-neg-38-37"
"liver-1-neg-38-39",-33.6525159670529,"case",31.0589134838488,"liver-1-neg-38-39"
"liver-1-neg-38-40",2.42840401985002,"case",47.9604266725892,"liver-1-neg-38-40"
"liver-1-neg-38-41",-7.5761753255435,"case",30.5153585090409,"liver-1-neg-38-41"
"liver-1-neg-38-42",-13.6654487076493,"case",-50.0947755418832,"liver-1-neg-38-42"
"liver-1-neg-38-43",-34.7064574579614,"case",-46.4095420134592,"liver-1-neg-38-43"
"liver-1-neg-38-47",0.670390588090924,"case",-4.00706404630058,"liver-1-neg-38-47"
"liver-1-neg-38-48",-44.3352928831175,"case",-3.52714101634449,"liver-1-neg-38-48"
"liver-1-neg-38-49",-32.0900488090405,"case",5.79620082830347,"liver-1-neg-38-49"
"liver-1-neg-38-56",9.32775836024917,"case",-3.83837772558279,"liver-1-neg-38-56"
"liver-1-neg-38-57",8.5874875280196,"case",32.4996270387808,"liver-1-neg-38-57"
"liver-1-neg-38-9",36.8739240336579,"case",-27.1961649889705,"liver-1-neg-38-9"
"liver-1-neg-39-10",-32.9313746235281,"case",74.3120167142607,"liver-1-neg-39-10"
"liver-1-neg-39-19",-3.93118399909904,"case",-116.473663484618,"liver-1-neg-39-19"
"liver-1-neg-39-25",-52.2066151407077,"case",-36.9253536254438,"liver-1-neg-39-25"
"liver-1-neg-39-26",-35.7534916902911,"case",-14.9746723708849,"liver-1-neg-39-26"
"liver-1-neg-39-27",-41.4700017861493,"case",8.91267186774752,"liver-1-neg-39-27"
"liver-1-neg-39-28",-25.2337545753943,"case",-3.91667671272963,"liver-1-neg-39-28"
"liver-1-neg-39-29",-22.3780128360551,"case",-19.9164306123557,"liver-1-neg-39-29"
"liver-1-neg-39-30",-3.64920298506814,"case",32.3828313685054,"liver-1-neg-39-30"
"liver-1-neg-39-36",-21.9633831062127,"case",41.6868411094262,"liver-1-neg-39-36"
"liver-1-neg-39-37",-22.8986413886411,"case",-23.6208515551203,"liver-1-neg-39-37"
"liver-1-neg-39-38",-25.4632206847934,"case",15.2122005561545,"liver-1-neg-39-38"
"liver-1-neg-39-39",-23.2625961027065,"case",9.23516944938562,"liver-1-neg-39-39"
"liver-1-neg-39-40",4.12824659427489,"case",-16.142813469426,"liver-1-neg-39-40"
"liver-1-neg-39-41",-12.2134133171338,"case",13.911263529743,"liver-1-neg-39-41"
"liver-1-neg-39-42",-25.8206158918287,"case",-61.9285139437753,"liver-1-neg-39-42"
"liver-1-neg-39-43",-44.4604499710083,"case",-11.1282501096317,"liver-1-neg-39-43"
"liver-1-neg-39-46",-9.25520058621128,"case",-5.46126965765589,"liver-1-neg-39-46"
"liver-1-neg-39-47",21.5348091468535,"case",-7.32872882708793,"liver-1-neg-39-47"
"liver-1-neg-39-48",-24.7166980967833,"case",-46.7314186774511,"liver-1-neg-39-48"
"liver-1-neg-39-9",7.40687615191945,"case",-56.7542700294732,"liver-1-neg-39-9"
"liver-1-neg-40-10",-26.7655431125548,"case",-68.1989731412896,"liver-1-neg-40-10"
"liver-1-neg-40-27",-16.2565519143934,"case",-112.78273041109,"liver-1-neg-40-27"
"liver-1-neg-40-28",-48.7077449559728,"case",-37.8452650871765,"liver-1-neg-40-28"
"liver-1-neg-40-29",-18.6696436118384,"case",-13.4095193249231,"liver-1-neg-40-29"
"liver-1-neg-40-30",-31.3789096164694,"case",-0.800385627663357,"liver-1-neg-40-30"
"liver-1-neg-40-31",-51.7553093853085,"case",60.4523479493935,"liver-1-neg-40-31"
"liver-1-neg-40-32",-21.9329080882179,"case",205.843384416761,"liver-1-neg-40-32"
"liver-1-neg-40-36",-18.2511972470161,"case",53.1639753223932,"liver-1-neg-40-36"
"liver-1-neg-40-39",8.81982676001891,"case",-9.42215890586383,"liver-1-neg-40-39"
"liver-1-neg-40-40",-28.0843777484724,"case",6.3493046142324,"liver-1-neg-40-40"
"liver-1-neg-40-41",-35.7100974087525,"case",-6.27990386874405,"liver-1-neg-40-41"
"liver-1-neg-40-42",-17.7744218259278,"case",-83.0089866601184,"liver-1-neg-40-42"
"liver-1-neg-40-43",-6.95014779163019,"case",-20.5836694807995,"liver-1-neg-40-43"
"liver-1-neg-40-45",-30.2349226914168,"case",32.1871196120626,"liver-1-neg-40-45"
"liver-1-neg-40-46",-40.7253501259665,"case",-41.4028791314427,"liver-1-neg-40-46"
"liver-1-neg-40-47",-17.7650280220106,"case",-99.0185135333423,"liver-1-neg-40-47"
"liver-1-neg-40-9",-1.55268769400407,"case",-82.3595609376973,"liver-1-neg-40-9"
"liver-1-neg-41-10",-2.28158034210105,"case",22.6797879397433,"liver-1-neg-41-10"
"liver-1-neg-41-30",-17.9700655958217,"case",-110.432183523118,"liver-1-neg-41-30"
"liver-1-neg-41-31",-45.5643689920528,"case",-44.3302167910076,"liver-1-neg-41-31"
"liver-1-neg-41-32",-7.24721949635368,"case",50.4516692415029,"liver-1-neg-41-32"
"liver-1-neg-41-36",-36.3109315432893,"case",-6.3941310650707,"liver-1-neg-41-36"
"liver-1-neg-41-40",-16.2481832249522,"case",-14.7674227964349,"liver-1-neg-41-40"
"liver-1-neg-41-41",-10.0491040874077,"case",-26.6870413067418,"liver-1-neg-41-41"
"liver-1-neg-41-42",1.55807766887367,"case",-29.4901786098453,"liver-1-neg-41-42"
"liver-1-neg-41-52",-5.05054847441378,"case",-27.4565486913496,"liver-1-neg-41-52"
"liver-1-neg-41-58",10.7412405475,"case",25.7222556826503,"liver-1-neg-41-58"
"liver-1-neg-41-59",56.1166254701719,"case",-155.071353643901,"liver-1-neg-41-59"
"liver-1-neg-41-9",3.04637552796136,"case",-15.9948304731169,"liver-1-neg-41-9"
"liver-1-neg-42-10",-14.77107900436,"case",-37.2126585222943,"liver-1-neg-42-10"
"liver-1-neg-42-27",-20.3338198279025,"case",-60.1599585142359,"liver-1-neg-42-27"
"liver-1-neg-42-28",-17.4301922799667,"case",-162.342818284416,"liver-1-neg-42-28"
"liver-1-neg-42-35",-30.5795052881644,"case",-28.2402488240077,"liver-1-neg-42-35"
"liver-1-neg-42-36",-46.9392819646678,"case",-13.5596031657718,"liver-1-neg-42-36"
"liver-1-neg-42-40",-9.48345038772067,"case",4.48191775013918,"liver-1-neg-42-40"
"liver-1-neg-42-41",-28.7242273332882,"case",-0.581288955047133,"liver-1-neg-42-41"
"liver-1-neg-42-51",15.7567469528703,"case",-185.767896928837,"liver-1-neg-42-51"
"liver-1-neg-42-52",-7.21655041095212,"case",-97.9103687652236,"liver-1-neg-42-52"
"liver-1-neg-42-58",21.0546700064957,"case",71.2882284432404,"liver-1-neg-42-58"
"liver-1-neg-42-59",50.5687262143896,"case",-155.961418260921,"liver-1-neg-42-59"
"liver-1-neg-42-9",-13.2969848184602,"case",-1.6911552887164,"liver-1-neg-42-9"
"liver-1-neg-43-10",-42.8642479641344,"case",173.060245117587,"liver-1-neg-43-10"
"liver-1-neg-43-39",-20.0426662465351,"case",-76.938583086348,"liver-1-neg-43-39"
"liver-1-neg-43-49",-34.404943622847,"case",-47.611090092827,"liver-1-neg-43-49"
"liver-1-neg-43-50",-36.3749188200681,"case",12.6466756632744,"liver-1-neg-43-50"
"liver-1-neg-43-51",-32.8353066199318,"case",-3.26577022567473,"liver-1-neg-43-51"
"liver-1-neg-43-52",-27.3559230652057,"case",-0.296166659172573,"liver-1-neg-43-52"
"liver-1-neg-43-59",15.9601242808778,"case",-169.554044484502,"liver-1-neg-43-59"
"liver-1-neg-43-9",-8.39555411290684,"case",-33.505387430381,"liver-1-neg-43-9"
"liver-1-neg-44-10",-24.0591621725146,"case",-58.707934649782,"liver-1-neg-44-10"
"liver-1-neg-44-11",6.57080501208229,"case",-36.6086020790561,"liver-1-neg-44-11"
"liver-1-neg-44-12",-15.5246041178546,"case",-16.6474916547556,"liver-1-neg-44-12"
"liver-1-neg-44-13",-26.9527077023757,"case",-60.6870010761224,"liver-1-neg-44-13"
"liver-1-neg-44-14",-30.0929269084276,"case",-46.5239902791848,"liver-1-neg-44-14"
"liver-1-neg-44-15",-37.2128449490865,"case",-5.01623681551985,"liver-1-neg-44-15"
"liver-1-neg-44-48",-49.346120502989,"case",-57.9291089941163,"liver-1-neg-44-48"
"liver-1-neg-44-49",-31.482041969114,"case",-25.7472384085568,"liver-1-neg-44-49"
"liver-1-neg-44-52",17.2547315989569,"case",31.8083577333197,"liver-1-neg-44-52"
"liver-1-neg-44-54",-13.8256369111482,"case",-12.9768492962242,"liver-1-neg-44-54"
"liver-1-neg-44-55",-6.34718050260114,"case",28.7453124869105,"liver-1-neg-44-55"
"liver-1-neg-44-58",5.57095014888507,"case",17.4900256406062,"liver-1-neg-44-58"
"liver-1-neg-44-59",33.2668384336499,"case",-140.031359895649,"liver-1-neg-44-59"
"liver-1-neg-44-9",-3.30980669024547,"case",-95.9120256725676,"liver-1-neg-44-9"
"liver-1-neg-45-10",-12.9521613275188,"case",-66.4513725531636,"liver-1-neg-45-10"
"liver-1-neg-45-11",-22.3542074704676,"case",25.4494223316708,"liver-1-neg-45-11"
"liver-1-neg-45-12",-34.2499077378561,"case",-52.3282926144605,"liver-1-neg-45-12"
"liver-1-neg-45-13",-21.9702669416358,"case",-33.3490649583339,"liver-1-neg-45-13"
"liver-1-neg-45-14",-14.8540103015343,"case",-94.0248901945238,"liver-1-neg-45-14"
"liver-1-neg-45-15",-18.383037334303,"case",-59.7075522304505,"liver-1-neg-45-15"
"liver-1-neg-45-16",-20.5062361158567,"case",49.2684786942761,"liver-1-neg-45-16"
"liver-1-neg-45-17",-38.2069420776184,"case",-40.5261785048628,"liver-1-neg-45-17"
"liver-1-neg-45-18",-44.1486852595146,"case",-62.7574035197007,"liver-1-neg-45-18"
"liver-1-neg-45-41",-24.5206419548109,"case",-81.5379573968105,"liver-1-neg-45-41"
"liver-1-neg-45-42",-10.4346766524668,"case",-140.795787578377,"liver-1-neg-45-42"
"liver-1-neg-45-43",-21.5887111030564,"case",-96.9000057665456,"liver-1-neg-45-43"
"liver-1-neg-45-46",17.8626675822993,"case",-149.27286404559,"liver-1-neg-45-46"
"liver-1-neg-45-47",-9.69775072895655,"case",42.1890433830149,"liver-1-neg-45-47"
"liver-1-neg-45-48",-25.8197772916865,"case",-74.6058561559405,"liver-1-neg-45-48"
"liver-1-neg-45-49",-20.9084808064871,"case",-75.9481777018954,"liver-1-neg-45-49"
"liver-1-neg-45-50",-43.8609633161681,"case",34.2789798952127,"liver-1-neg-45-50"
"liver-1-neg-45-54",2.27822548176864,"case",-8.12663238024723,"liver-1-neg-45-54"
"liver-1-neg-45-55",-2.58514572749021,"case",-17.9305446150118,"liver-1-neg-45-55"
"liver-1-neg-45-58",17.704813723798,"case",57.1494216912928,"liver-1-neg-45-58"
"liver-1-neg-45-59",24.7871627560967,"case",62.2934447258821,"liver-1-neg-45-59"
"liver-1-neg-45-9",-2.66123326860848,"case",-157.933710752435,"liver-1-neg-45-9"
"liver-1-neg-46-10",-34.5721729953568,"case",-23.4898366801744,"liver-1-neg-46-10"
"liver-1-neg-46-13",-39.9392481870739,"case",29.6311363507338,"liver-1-neg-46-13"
"liver-1-neg-46-14",8.38300540605042,"case",134.143674864745,"liver-1-neg-46-14"
"liver-1-neg-46-15",-13.4967484976976,"case",82.2058030980225,"liver-1-neg-46-15"
"liver-1-neg-46-16",-22.0859350533153,"case",-31.2096160551744,"liver-1-neg-46-16"
"liver-1-neg-46-17",-17.4178049771522,"case",36.5760266930821,"liver-1-neg-46-17"
"liver-1-neg-46-41",-29.7863273101858,"case",-9.61989155071489,"liver-1-neg-46-41"
"liver-1-neg-46-42",-52.2460172582434,"case",-46.0792664070312,"liver-1-neg-46-42"
"liver-1-neg-46-43",-30.2952135217978,"case",17.9364296845092,"liver-1-neg-46-43"
"liver-1-neg-46-44",-34.6838509338898,"case",19.9157216786129,"liver-1-neg-46-44"
"liver-1-neg-46-45",0.128918703757383,"case",-129.941791749594,"liver-1-neg-46-45"
"liver-1-neg-46-46",-14.6468192434493,"case",-147.233233191753,"liver-1-neg-46-46"
"liver-1-neg-46-47",5.19292214198475,"case",47.0692491552478,"liver-1-neg-46-47"
"liver-1-neg-46-48",-24.7502615086617,"case",-31.0641547851662,"liver-1-neg-46-48"
"liver-1-neg-46-49",-40.2156334568642,"case",48.3573240011991,"liver-1-neg-46-49"
"liver-1-neg-46-54",-12.9596888757436,"case",86.3885865701762,"liver-1-neg-46-54"
"liver-1-neg-46-55",-5.93276607136731,"case",-53.0138869028396,"liver-1-neg-46-55"
"liver-1-neg-46-57",-18.9279750520323,"case",91.5862434285252,"liver-1-neg-46-57"
"liver-1-neg-46-58",34.2069501220898,"case",-7.5652756513341,"liver-1-neg-46-58"
"liver-1-neg-46-59",57.1685901544628,"case",-168.506537479974,"liver-1-neg-46-59"
"liver-1-neg-46-9",-1.4061144398618,"case",-94.313826971897,"liver-1-neg-46-9"
"liver-1-neg-47-42",-30.7123591447006,"case",-45.1036222560653,"liver-1-neg-47-42"
"liver-1-neg-47-44",-30.4147241173831,"case",-36.3724051760185,"liver-1-neg-47-44"
"liver-1-neg-47-45",-1.48423153793367,"case",-88.6402626819417,"liver-1-neg-47-45"
"liver-1-neg-47-46",-7.37888235776202,"case",-136.744128016436,"liver-1-neg-47-46"
"liver-1-neg-47-47",-19.1385512353806,"case",-58.9173312598486,"liver-1-neg-47-47"
"liver-1-neg-47-48",-46.1505463137856,"case",-88.3830849418155,"liver-1-neg-47-48"
"liver-1-neg-47-49",-37.2201664106561,"case",-44.9245670357472,"liver-1-neg-47-49"
"liver-1-neg-47-50",-20.5677018261509,"case",31.7549561127669,"liver-1-neg-47-50"
"liver-1-neg-47-54",-47.6767384134977,"case",64.403925507205,"liver-1-neg-47-54"
"liver-1-neg-47-55",-6.15938061237223,"case",-7.24710291251134,"liver-1-neg-47-55"
"liver-1-neg-47-56",-18.4198484578103,"case",39.5149610784398,"liver-1-neg-47-56"
"liver-1-neg-47-57",22.3514658808583,"case",-2.83688853742712,"liver-1-neg-47-57"
"liver-1-neg-47-58",19.2846073119321,"case",13.1929007728329,"liver-1-neg-47-58"
"liver-1-neg-47-59",11.4625902324804,"case",-121.78522051579,"liver-1-neg-47-59"
"liver-1-neg-47-9",-25.0113445524143,"case",-113.581693590731,"liver-1-neg-47-9"
"liver-1-neg-48-42",-42.0059850831793,"case",-53.3868616769538,"liver-1-neg-48-42"
"liver-1-neg-48-44",-27.0375294507588,"case",27.7004838738574,"liver-1-neg-48-44"
"liver-1-neg-48-45",-4.03038788549556,"case",-111.530346804047,"liver-1-neg-48-45"
"liver-1-neg-48-46",-2.71664363896419,"case",-112.284456243576,"liver-1-neg-48-46"
"liver-1-neg-48-47",-20.587593971772,"case",-45.9902898321664,"liver-1-neg-48-47"
"liver-1-neg-48-48",-5.75628963191286,"case",73.245499779733,"liver-1-neg-48-48"
"liver-1-neg-48-49",-35.9038600391902,"case",-10.8269177401397,"liver-1-neg-48-49"
"liver-1-neg-48-50",-17.2745209708412,"case",9.82012268591017,"liver-1-neg-48-50"
"liver-1-neg-48-54",12.1610194578067,"case",-14.9997650740095,"liver-1-neg-48-54"
"liver-1-neg-48-55",-18.6391536984789,"case",-10.5519623701784,"liver-1-neg-48-55"
"liver-1-neg-48-56",-25.1677658312509,"case",-52.3277787633414,"liver-1-neg-48-56"
"liver-1-neg-48-57",4.49912345474494,"case",-67.0271815789225,"liver-1-neg-48-57"
"liver-1-neg-48-58",20.2103159153908,"case",-85.7077420235551,"liver-1-neg-48-58"
"liver-1-neg-48-59",28.094987899446,"case",-123.20092037559,"liver-1-neg-48-59"
"liver-1-neg-48-9",-9.07910435716191,"case",-70.1707002899199,"liver-1-neg-48-9"
"liver-1-neg-49-10",-56.5957467780151,"case",-19.3693221796947,"liver-1-neg-49-10"
"liver-1-neg-49-13",-27.5454319491271,"case",47.879399683493,"liver-1-neg-49-13"
"liver-1-neg-49-42",-34.409198411533,"case",-68.1144318401829,"liver-1-neg-49-42"
"liver-1-neg-49-43",-44.2373227716482,"case",-78.8324138894043,"liver-1-neg-49-43"
"liver-1-neg-49-44",-29.3009236673564,"case",26.1266266583181,"liver-1-neg-49-44"
"liver-1-neg-49-45",-11.0719836858505,"case",-26.3251001726953,"liver-1-neg-49-45"
"liver-1-neg-49-46",7.05417503963256,"case",-14.0089908567774,"liver-1-neg-49-46"
"liver-1-neg-49-47",-9.62050363632988,"case",-75.22974921101,"liver-1-neg-49-47"
"liver-1-neg-49-48",-13.3544367286103,"case",-1.68855053970251,"liver-1-neg-49-48"
"liver-1-neg-49-49",-7.54326293307898,"case",17.1372722198121,"liver-1-neg-49-49"
"liver-1-neg-49-50",-36.9922807039312,"case",60.4440325066776,"liver-1-neg-49-50"
"liver-1-neg-49-52",20.5403285410441,"case",3.92083652687742,"liver-1-neg-49-52"
"liver-1-neg-49-53",-24.2951960643183,"case",-22.7101066465072,"liver-1-neg-49-53"
"liver-1-neg-49-54",-11.6667160431933,"case",-87.0969324381049,"liver-1-neg-49-54"
"liver-1-neg-49-55",-22.414513107525,"case",-60.0131481898361,"liver-1-neg-49-55"
"liver-1-neg-49-56",-9.78810757963835,"case",-66.5735545824131,"liver-1-neg-49-56"
"liver-1-neg-49-57",-5.61547403122482,"case",-68.4849666384015,"liver-1-neg-49-57"
"liver-1-neg-49-58",-5.3283116214858,"case",-71.6812266612252,"liver-1-neg-49-58"
"liver-1-neg-49-59",39.616025119867,"case",-96.5293643950652,"liver-1-neg-49-59"
"liver-1-neg-49-9",-2.95289549220181,"case",3.1829731694132,"liver-1-neg-49-9"
"liver-1-neg-50-10",3.90843440623254,"case",-21.8580598689894,"liver-1-neg-50-10"
"liver-1-neg-50-13",-16.9686454366338,"case",-5.05563388932594,"liver-1-neg-50-13"
"liver-1-neg-50-18",-19.7093418041138,"case",166.067992190934,"liver-1-neg-50-18"
"liver-1-neg-50-19",-12.8523751753583,"case",180.663614770933,"liver-1-neg-50-19"
"liver-1-neg-50-42",-33.6206455256447,"case",-91.5792018620842,"liver-1-neg-50-42"
"liver-1-neg-50-43",-4.11941984072232,"case",-94.7471627553216,"liver-1-neg-50-43"
"liver-1-neg-50-46",20.3709193265715,"case",34.0757297764451,"liver-1-neg-50-46"
"liver-1-neg-50-47",-3.2627667580807,"case",-79.6441397437265,"liver-1-neg-50-47"
"liver-1-neg-50-48",-46.9827914900156,"case",-39.0712707665365,"liver-1-neg-50-48"
"liver-1-neg-50-49",-21.5184772165096,"case",5.57643827042636,"liver-1-neg-50-49"
"liver-1-neg-50-50",-21.31684360186,"case",-15.3062954335609,"liver-1-neg-50-50"
"liver-1-neg-50-51",0.36522066533721,"case",105.478664562882,"liver-1-neg-50-51"
"liver-1-neg-50-52",-29.1609071547455,"case",-3.97166426176237,"liver-1-neg-50-52"
"liver-1-neg-50-53",-1.53168049691028,"case",-69.8406561381732,"liver-1-neg-50-53"
"liver-1-neg-50-54",-28.4282958321229,"case",-75.9039660340382,"liver-1-neg-50-54"
"liver-1-neg-50-55",-4.25780306535202,"case",-65.5961807856948,"liver-1-neg-50-55"
"liver-1-neg-50-56",5.7098621614954,"case",-48.5058440913044,"liver-1-neg-50-56"
"liver-1-neg-50-57",-12.1473421633799,"case",-48.2031757909468,"liver-1-neg-50-57"
"liver-1-neg-50-58",-7.11010413578099,"case",-50.5515252557633,"liver-1-neg-50-58"
"liver-1-neg-50-59",56.9527529738518,"case",4.1411823444585,"liver-1-neg-50-59"
"liver-1-neg-50-9",13.9523776158549,"case",115.82622559656,"liver-1-neg-50-9"
"liver-1-neg-51-13",-9.66485141221273,"case",5.95483150459389,"liver-1-neg-51-13"
"liver-1-neg-51-19",-32.1399817588769,"case",186.079313524759,"liver-1-neg-51-19"
"liver-1-neg-51-22",-1.05744515552142,"case",4.38135991838903,"liver-1-neg-51-22"
"liver-1-neg-51-23",-25.3716874702489,"case",49.6122881411635,"liver-1-neg-51-23"
"liver-1-neg-51-24",-8.62061642285714,"case",56.8767052402562,"liver-1-neg-51-24"
"liver-1-neg-51-41",-42.7437752795323,"case",28.1240979215195,"liver-1-neg-51-41"
"liver-1-neg-51-42",-30.7175954139027,"case",-57.9780827684495,"liver-1-neg-51-42"
"liver-1-neg-51-46",-5.45250619318119,"case",-20.2270652243809,"liver-1-neg-51-46"
"liver-1-neg-51-47",-33.9549641260294,"case",-6.02173152639193,"liver-1-neg-51-47"
"liver-1-neg-51-48",-33.8293689554238,"case",-26.271355037197,"liver-1-neg-51-48"
"liver-1-neg-51-49",-28.216843536625,"case",-20.7644139839578,"liver-1-neg-51-49"
"liver-1-neg-51-50",-13.466130209125,"case",-58.8454907680584,"liver-1-neg-51-50"
"liver-1-neg-51-51",-18.8670481814417,"case",-12.6465328074929,"liver-1-neg-51-51"
"liver-1-neg-51-52",-11.6899984036781,"case",-76.591932338128,"liver-1-neg-51-52"
"liver-1-neg-51-53",1.97148119703004,"case",-66.4702144345443,"liver-1-neg-51-53"
"liver-1-neg-51-54",-11.1128002664589,"case",-58.444680774203,"liver-1-neg-51-54"
"liver-1-neg-51-55",-5.31029103971516,"case",-82.8584232417844,"liver-1-neg-51-55"
"liver-1-neg-51-56",-6.55892445175915,"case",-28.8469548469764,"liver-1-neg-51-56"
"liver-1-neg-51-57",-23.1642839700915,"case",-43.7344735622013,"liver-1-neg-51-57"
"liver-1-neg-51-58",5.93721011112978,"case",-61.736786859982,"liver-1-neg-51-58"
"liver-1-neg-51-59",70.3784824760415,"case",-15.500857855442,"liver-1-neg-51-59"
"liver-1-neg-51-9",5.35834721978396,"case",278.929985837184,"liver-1-neg-51-9"
"liver-1-neg-52-13",13.7541134070585,"case",-0.391805562505056,"liver-1-neg-52-13"
"liver-1-neg-52-21",-28.1672848033623,"case",64.9435172147765,"liver-1-neg-52-21"
"liver-1-neg-52-22",10.8618984258564,"case",131.442208515752,"liver-1-neg-52-22"
"liver-1-neg-52-23",-36.1765645994783,"case",153.332367371866,"liver-1-neg-52-23"
"liver-1-neg-52-24",-12.547170387199,"case",275.717569637223,"liver-1-neg-52-24"
"liver-1-neg-52-25",-12.6137179876937,"case",114.622113077257,"liver-1-neg-52-25"
"liver-1-neg-52-26",-25.9909640989737,"case",337.757302624688,"liver-1-neg-52-26"
"liver-1-neg-52-39",-23.5133742620271,"case",18.5373725061013,"liver-1-neg-52-39"
"liver-1-neg-52-40",-26.3424646008683,"case",80.5117170264782,"liver-1-neg-52-40"
"liver-1-neg-52-41",-13.4760963949148,"case",13.5821344017205,"liver-1-neg-52-41"
"liver-1-neg-52-42",-27.505931783363,"case",-84.8039363470785,"liver-1-neg-52-42"
"liver-1-neg-52-43",-56.0056744934193,"case",-52.0162556544273,"liver-1-neg-52-43"
"liver-1-neg-52-45",-20.8292493347325,"case",9.071625839827,"liver-1-neg-52-45"
"liver-1-neg-52-46",-10.8927953156459,"case",-117.755574677308,"liver-1-neg-52-46"
"liver-1-neg-52-47",-9.17635426354624,"case",57.2615011857009,"liver-1-neg-52-47"
"liver-1-neg-52-48",-42.2275034040244,"case",-68.3920982022813,"liver-1-neg-52-48"
"liver-1-neg-52-49",-23.561556172152,"case",-44.0958476021021,"liver-1-neg-52-49"
"liver-1-neg-52-50",1.02261660041236,"case",-87.7048463378497,"liver-1-neg-52-50"
"liver-1-neg-52-51",-18.5270379432178,"case",11.4141297101105,"liver-1-neg-52-51"
"liver-1-neg-52-52",-17.4311617351582,"case",-4.17376730454486,"liver-1-neg-52-52"
"liver-1-neg-52-53",-15.5146042543994,"case",-61.4242892206212,"liver-1-neg-52-53"
"liver-1-neg-52-54",-18.5624346432428,"case",-83.2758382403516,"liver-1-neg-52-54"
"liver-1-neg-52-55",-17.2175072991516,"case",-6.17669080739087,"liver-1-neg-52-55"
"liver-1-neg-52-56",-16.1035262232522,"case",6.07079928216228,"liver-1-neg-52-56"
"liver-1-neg-52-57",-32.7146643692139,"case",-58.5507424417149,"liver-1-neg-52-57"
"liver-1-neg-52-58",12.5293965366494,"case",-96.9138011327675,"liver-1-neg-52-58"
"liver-1-neg-52-59",61.2288482475546,"case",-108.326662565633,"liver-1-neg-52-59"
"liver-1-neg-52-9",21.2408126366265,"case",172.147564202854,"liver-1-neg-52-9"
"liver-1-neg-53-10",-20.348799273379,"case",123.311335842922,"liver-1-neg-53-10"
"liver-1-neg-53-13",3.48371835255132,"case",-70.0243016906319,"liver-1-neg-53-13"
"liver-1-neg-53-14",-18.1219204773772,"case",38.3582459007796,"liver-1-neg-53-14"
"liver-1-neg-53-15",-39.6889637628175,"case",-33.768845883212,"liver-1-neg-53-15"
"liver-1-neg-53-16",-23.497878456526,"case",-82.7445108994488,"liver-1-neg-53-16"
"liver-1-neg-53-21",-29.7469001529336,"case",69.0586856684728,"liver-1-neg-53-21"
"liver-1-neg-53-22",-38.6560226817435,"case",204.221712344322,"liver-1-neg-53-22"
"liver-1-neg-53-23",-41.9449412970299,"case",159.841757988668,"liver-1-neg-53-23"
"liver-1-neg-53-24",11.367717886243,"case",152.197177608537,"liver-1-neg-53-24"
"liver-1-neg-53-25",8.20658714146835,"case",318.805291496025,"liver-1-neg-53-25"
"liver-1-neg-53-26",11.1160275160346,"case",165.086337344249,"liver-1-neg-53-26"
"liver-1-neg-53-41",10.2541422734049,"case",40.6886629123663,"liver-1-neg-53-41"
"liver-1-neg-53-42",-11.1119481889853,"case",-118.874914892516,"liver-1-neg-53-42"
"liver-1-neg-53-43",-49.1740057488667,"case",-67.1869646177517,"liver-1-neg-53-43"
"liver-1-neg-53-44",-36.3119327359731,"case",-36.383736143269,"liver-1-neg-53-44"
"liver-1-neg-53-45",-19.5674990032723,"case",-23.8245954894982,"liver-1-neg-53-45"
"liver-1-neg-53-46",1.33619178559117,"case",-130.553082542719,"liver-1-neg-53-46"
"liver-1-neg-53-47",-14.3119199157392,"case",-43.9760412315255,"liver-1-neg-53-47"
"liver-1-neg-53-48",-12.399374809821,"case",-72.5306131305615,"liver-1-neg-53-48"
"liver-1-neg-53-49",-20.7835460064659,"case",-30.841784851952,"liver-1-neg-53-49"
"liver-1-neg-53-50",-27.3365390480332,"case",-119.082019417528,"liver-1-neg-53-50"
"liver-1-neg-53-51",-13.2641752219109,"case",66.5358223775365,"liver-1-neg-53-51"
"liver-1-neg-53-52",-12.7907760356479,"case",-58.9283776029265,"liver-1-neg-53-52"
"liver-1-neg-53-53",-4.93737855991538,"case",-29.5956285155767,"liver-1-neg-53-53"
"liver-1-neg-53-54",-10.8600693674745,"case",-25.5030490353638,"liver-1-neg-53-54"
"liver-1-neg-53-55",-16.6342409578876,"case",-8.0361155310119,"liver-1-neg-53-55"
"liver-1-neg-53-56",5.39550532411495,"case",-16.6793841784308,"liver-1-neg-53-56"
"liver-1-neg-53-57",-5.29496138858317,"case",-69.52648721321,"liver-1-neg-53-57"
"liver-1-neg-53-58",-4.83468318716529,"case",-109.083032748381,"liver-1-neg-53-58"
"liver-1-neg-53-59",39.1333330140025,"case",-133.976065688397,"liver-1-neg-53-59"
"liver-1-neg-53-9",1.14666218545224,"case",153.020117234533,"liver-1-neg-53-9"
"liver-1-neg-54-13",-14.3136875072047,"case",-30.888835487632,"liver-1-neg-54-13"
"liver-1-neg-54-14",3.72448562796384,"case",4.91324220375971,"liver-1-neg-54-14"
"liver-1-neg-54-15",-1.91507029028857,"case",65.0087749086618,"liver-1-neg-54-15"
"liver-1-neg-54-21",-18.0858620165939,"case",-34.5466680201309,"liver-1-neg-54-21"
"liver-1-neg-54-22",-38.9087343909226,"case",143.836539411612,"liver-1-neg-54-22"
"liver-1-neg-54-23",-7.36776895025521,"case",56.9231619956227,"liver-1-neg-54-23"
"liver-1-neg-54-24",-21.7663055261995,"case",119.944524150127,"liver-1-neg-54-24"
"liver-1-neg-54-25",-21.4441813840522,"case",80.7905506355744,"liver-1-neg-54-25"
"liver-1-neg-54-41",-30.9564127543166,"case",32.0568356555343,"liver-1-neg-54-41"
"liver-1-neg-54-42",-31.8592202704023,"case",-88.9497301730298,"liver-1-neg-54-42"
"liver-1-neg-54-43",-29.0468706017061,"case",16.6393529426681,"liver-1-neg-54-43"
"liver-1-neg-54-44",-21.1578791771548,"case",-92.7416735477063,"liver-1-neg-54-44"
"liver-1-neg-54-45",-12.1543029747435,"case",-43.7341535246096,"liver-1-neg-54-45"
"liver-1-neg-54-46",-31.2245855607076,"case",-42.8786457595593,"liver-1-neg-54-46"
"liver-1-neg-54-47",-18.3176734047402,"case",-7.92703781512391,"liver-1-neg-54-47"
"liver-1-neg-54-48",-19.0492745514511,"case",18.3856734699366,"liver-1-neg-54-48"
"liver-1-neg-54-49",-2.78746449354098,"case",19.2353176074417,"liver-1-neg-54-49"
"liver-1-neg-54-50",-21.6028209227859,"case",28.2374239136122,"liver-1-neg-54-50"
"liver-1-neg-54-51",-3.25453576663561,"case",32.6521289165475,"liver-1-neg-54-51"
"liver-1-neg-54-52",-8.23676416696651,"case",-67.3854520385689,"liver-1-neg-54-52"
"liver-1-neg-54-53",-9.38786856626678,"case",-55.6212122576416,"liver-1-neg-54-53"
"liver-1-neg-54-54",1.73367595272446,"case",-3.10033364896085,"liver-1-neg-54-54"
"liver-1-neg-54-55",-7.53326857888181,"case",-10.5294418312391,"liver-1-neg-54-55"
"liver-1-neg-54-56",-3.29751236873307,"case",-105.424827333716,"liver-1-neg-54-56"
"liver-1-neg-54-57",6.61474450228762,"case",-86.8337230516203,"liver-1-neg-54-57"
"liver-1-neg-54-58",-2.08219429555394,"case",-1.27256223029669,"liver-1-neg-54-58"
"liver-1-neg-54-59",39.7756987764528,"case",-132.183655706528,"liver-1-neg-54-59"
"liver-1-neg-55-10",-29.3325688046895,"case",116.423376257334,"liver-1-neg-55-10"
"liver-1-neg-55-13",7.91712323394986,"case",-48.0316303565982,"liver-1-neg-55-13"
"liver-1-neg-55-19",-6.15000428216117,"case",128.545176479593,"liver-1-neg-55-19"
"liver-1-neg-55-20",5.2404975038294,"case",286.161480016555,"liver-1-neg-55-20"
"liver-1-neg-55-21",-0.253837728225643,"case",130.449777478419,"liver-1-neg-55-21"
"liver-1-neg-55-22",-9.51014541177191,"case",10.4298899126503,"liver-1-neg-55-22"
"liver-1-neg-55-23",-16.413799330495,"case",94.7009142130292,"liver-1-neg-55-23"
"liver-1-neg-55-24",8.3611315094041,"case",113.547121381351,"liver-1-neg-55-24"
"liver-1-neg-55-25",-29.6126753344958,"case",223.692592823389,"liver-1-neg-55-25"
"liver-1-neg-55-26",-18.4727218308562,"case",81.5291181858475,"liver-1-neg-55-26"
"liver-1-neg-55-27",30.9023211368861,"case",112.269795053784,"liver-1-neg-55-27"
"liver-1-neg-55-41",-39.7436308104324,"case",-23.8676191787547,"liver-1-neg-55-41"
"liver-1-neg-55-42",-30.4218611405307,"case",-104.440122853909,"liver-1-neg-55-42"
"liver-1-neg-55-43",-42.5390233697908,"case",29.2803741231133,"liver-1-neg-55-43"
"liver-1-neg-55-44",-7.78885774724067,"case",87.7220543730455,"liver-1-neg-55-44"
"liver-1-neg-55-45",9.32373223659907,"case",-23.7373156471317,"liver-1-neg-55-45"
"liver-1-neg-55-46",-15.1520924140114,"case",-60.5213335016833,"liver-1-neg-55-46"
"liver-1-neg-55-47",-33.7550631748274,"case",-45.3359644221366,"liver-1-neg-55-47"
"liver-1-neg-55-48",-11.3308258752354,"case",56.0668222807034,"liver-1-neg-55-48"
"liver-1-neg-55-49",-16.2067872875404,"case",29.0678716189869,"liver-1-neg-55-49"
"liver-1-neg-55-50",3.79178907924462,"case",43.3790237013812,"liver-1-neg-55-50"
"liver-1-neg-55-51",-0.640690887034142,"case",12.6463783132384,"liver-1-neg-55-51"
"liver-1-neg-55-52",-19.3488909648696,"case",-1.08371328024949,"liver-1-neg-55-52"
"liver-1-neg-55-53",-16.5059094543922,"case",-74.9636129530323,"liver-1-neg-55-53"
"liver-1-neg-55-54",-15.6012220395752,"case",-79.6681098953517,"liver-1-neg-55-54"
"liver-1-neg-55-55",-17.4327843637939,"case",-26.4005979311092,"liver-1-neg-55-55"
"liver-1-neg-55-56",-7.15413653534809,"case",-95.5375834733018,"liver-1-neg-55-56"
"liver-1-neg-55-57",3.58228322319659,"case",-101.590974227111,"liver-1-neg-55-57"
"liver-1-neg-55-58",21.4170132360359,"case",18.0202955164421,"liver-1-neg-55-58"
"liver-1-neg-55-59",20.6182310423358,"case",-71.3141569621946,"liver-1-neg-55-59"
"liver-1-neg-56-18",1.79704569540245,"case",179.531899554326,"liver-1-neg-56-18"
"liver-1-neg-56-19",-8.19272216973457,"case",96.196182557629,"liver-1-neg-56-19"
"liver-1-neg-56-20",-9.69325297960806,"case",216.618357656364,"liver-1-neg-56-20"
"liver-1-neg-56-21",32.1467195273451,"case",327.154754755769,"liver-1-neg-56-21"
"liver-1-neg-56-22",20.804704866624,"case",171.836851007518,"liver-1-neg-56-22"
"liver-1-neg-56-23",5.16098932725923,"case",39.3530757159594,"liver-1-neg-56-23"
"liver-1-neg-56-24",23.9897801440457,"case",57.4575166906353,"liver-1-neg-56-24"
"liver-1-neg-56-25",-5.66996044016283,"case",73.4250838065241,"liver-1-neg-56-25"
"liver-1-neg-56-26",-24.9233702739937,"case",160.701706826331,"liver-1-neg-56-26"
"liver-1-neg-56-27",6.0494437593363,"case",148.02323909572,"liver-1-neg-56-27"
"liver-1-neg-56-41",-7.63901986099133,"case",-63.0968437962146,"liver-1-neg-56-41"
"liver-1-neg-56-42",-15.1678113197725,"case",-71.3054690320986,"liver-1-neg-56-42"
"liver-1-neg-56-43",-26.810863237196,"case",17.682465644964,"liver-1-neg-56-43"
"liver-1-neg-56-45",-20.8577824121224,"case",62.7673196479233,"liver-1-neg-56-45"
"liver-1-neg-56-46",7.89454967020366,"case",-23.5227560257241,"liver-1-neg-56-46"
"liver-1-neg-56-47",-26.0921316309927,"case",8.49513281341483,"liver-1-neg-56-47"
"liver-1-neg-56-48",-29.456379926147,"case",-19.5710796756242,"liver-1-neg-56-48"
"liver-1-neg-56-49",24.0337785238106,"case",-26.7054663034694,"liver-1-neg-56-49"
"liver-1-neg-56-50",5.4956731985586,"case",8.62969650460444,"liver-1-neg-56-50"
"liver-1-neg-56-51",-3.25460557151837,"case",3.79004388841388,"liver-1-neg-56-51"
"liver-1-neg-56-52",12.5286568617543,"case",-96.6188118928597,"liver-1-neg-56-52"
"liver-1-neg-56-53",-20.0947026414168,"case",-72.5313338397947,"liver-1-neg-56-53"
"liver-1-neg-56-54",-12.1110165008002,"case",-91.315253674831,"liver-1-neg-56-54"
"liver-1-neg-56-55",12.8288653161504,"case",-58.5556645875563,"liver-1-neg-56-55"
"liver-1-neg-56-56",5.77875175304997,"case",-79.0970908334249,"liver-1-neg-56-56"
"liver-1-neg-56-57",6.74863631777534,"case",-109.495195791377,"liver-1-neg-56-57"
"liver-1-neg-56-58",3.31974558807482,"case",9.98314959264816,"liver-1-neg-56-58"
"liver-1-neg-56-59",70.0017308118018,"case",-116.069458226112,"liver-1-neg-56-59"
"liver-1-neg-56-9",23.4385878763081,"case",88.6259706486215,"liver-1-neg-56-9"
"liver-1-neg-57-19",-0.370326225005071,"case",115.602819865776,"liver-1-neg-57-19"
"liver-1-neg-57-20",17.1029025005098,"case",152.267852550249,"liver-1-neg-57-20"
"liver-1-neg-57-21",14.5756134250055,"case",3.73032699087073,"liver-1-neg-57-21"
"liver-1-neg-57-22",9.42009981255432,"case",192.803993712241,"liver-1-neg-57-22"
"liver-1-neg-57-23",5.6666991392144,"case",91.1900140935766,"liver-1-neg-57-23"
"liver-1-neg-57-25",-20.8781864027654,"case",83.0117294566246,"liver-1-neg-57-25"
"liver-1-neg-57-34",-10.1192871554812,"case",6.19342475748214,"liver-1-neg-57-34"
"liver-1-neg-57-42",-28.6538656661883,"case",-43.6255117273931,"liver-1-neg-57-42"
"liver-1-neg-57-43",-28.1666105118577,"case",-21.5094449530144,"liver-1-neg-57-43"
"liver-1-neg-57-44",-3.27256182417341,"case",3.22642552986627,"liver-1-neg-57-44"
"liver-1-neg-57-45",14.1741389973551,"case",-25.7753357768421,"liver-1-neg-57-45"
"liver-1-neg-57-46",-3.6316817357494,"case",28.2437979050297,"liver-1-neg-57-46"
"liver-1-neg-57-47",-31.2941305714439,"case",20.3721655379949,"liver-1-neg-57-47"
"liver-1-neg-57-48",-5.47956100976951,"case",-60.9058704308796,"liver-1-neg-57-48"
"liver-1-neg-57-49",-21.7750162404939,"case",-33.8863320378634,"liver-1-neg-57-49"
"liver-1-neg-57-50",-12.0568015108153,"case",-84.5855675851994,"liver-1-neg-57-50"
"liver-1-neg-57-51",2.10512371328237,"case",-33.5054299623538,"liver-1-neg-57-51"
"liver-1-neg-57-52",-11.7394336208442,"case",-75.9375195769862,"liver-1-neg-57-52"
"liver-1-neg-57-53",-12.8765501034359,"case",-30.8137645883732,"liver-1-neg-57-53"
"liver-1-neg-57-54",-5.69712091908424,"case",-62.6057677626125,"liver-1-neg-57-54"
"liver-1-neg-57-55",17.1393095884283,"case",-54.6622211416024,"liver-1-neg-57-55"
"liver-1-neg-57-56",5.57919159216099,"case",-49.9921807873025,"liver-1-neg-57-56"
"liver-1-neg-57-57",21.7628060249149,"case",-142.373043971733,"liver-1-neg-57-57"
"liver-1-neg-57-58",19.0387127377813,"case",-89.8984105302006,"liver-1-neg-57-58"
"liver-1-neg-57-59",86.420880177057,"case",-137.454683411379,"liver-1-neg-57-59"
"liver-1-neg-58-20",13.8416497356997,"case",265.073556830778,"liver-1-neg-58-20"
"liver-1-neg-58-21",-1.70011924613596,"case",255.485204320913,"liver-1-neg-58-21"
"liver-1-neg-58-22",-12.365525911274,"case",147.16408942146,"liver-1-neg-58-22"
"liver-1-neg-58-25",2.83215350936946,"case",14.9679359558274,"liver-1-neg-58-25"
"liver-1-neg-58-27",15.7453880134372,"case",123.070164333362,"liver-1-neg-58-27"
"liver-1-neg-58-38",2.87024528916879,"case",21.9671269143918,"liver-1-neg-58-38"
"liver-1-neg-58-42",-8.12628585835473,"case",-84.0450858032759,"liver-1-neg-58-42"
"liver-1-neg-58-43",-54.3357137443214,"case",-57.532730302981,"liver-1-neg-58-43"
"liver-1-neg-58-44",16.662898408441,"case",-16.8226826589202,"liver-1-neg-58-44"
"liver-1-neg-58-45",-13.7012942220314,"case",-75.4839023784653,"liver-1-neg-58-45"
"liver-1-neg-58-46",-8.42948033741938,"case",-108.133512465694,"liver-1-neg-58-46"
"liver-1-neg-58-47",-26.3211583710512,"case",-70.7444500448952,"liver-1-neg-58-47"
"liver-1-neg-58-48",-33.4454653299701,"case",-17.6485150799255,"liver-1-neg-58-48"
"liver-1-neg-58-49",-8.28517582410336,"case",-17.2613530683894,"liver-1-neg-58-49"
"liver-1-neg-58-50",-35.318644290848,"case",-68.0560955824484,"liver-1-neg-58-50"
"liver-1-neg-58-51",-13.5830584365449,"case",-32.651638845285,"liver-1-neg-58-51"
"liver-1-neg-58-52",-4.70902151992285,"case",-15.065638991327,"liver-1-neg-58-52"
"liver-1-neg-58-53",-10.9996034557056,"case",9.5155824027781,"liver-1-neg-58-53"
"liver-1-neg-58-54",-7.74292345534809,"case",17.4122061810838,"liver-1-neg-58-54"
"liver-1-neg-58-55",-4.21678776917361,"case",142.692703220119,"liver-1-neg-58-55"
"liver-1-neg-58-56",-6.63637929748595,"case",7.43171548118811,"liver-1-neg-58-56"
"liver-1-neg-58-57",-7.21993763326503,"case",-86.2514988848565,"liver-1-neg-58-57"
"liver-1-neg-58-58",3.21811501797495,"case",-37.7432083555597,"liver-1-neg-58-58"
"liver-1-neg-58-59",50.0755547640428,"case",-50.2424599526818,"liver-1-neg-58-59"
"liver-1-neg-59-20",-14.1926871901106,"case",129.907338455175,"liver-1-neg-59-20"
"liver-1-neg-59-21",-3.0418393683176,"case",104.321436174334,"liver-1-neg-59-21"
"liver-1-neg-59-22",16.2626061577702,"case",169.738202135475,"liver-1-neg-59-22"
"liver-1-neg-59-25",-13.8907448883629,"case",182.808348935609,"liver-1-neg-59-25"
"liver-1-neg-59-26",27.6356980421306,"case",95.6554436226351,"liver-1-neg-59-26"
"liver-1-neg-59-38",-15.8979267667172,"case",-24.7962324293459,"liver-1-neg-59-38"
"liver-1-neg-59-43",-41.5686444933942,"case",-48.620371193971,"liver-1-neg-59-43"
"liver-1-neg-59-44",-30.6393335762952,"case",-17.3717670563327,"liver-1-neg-59-44"
"liver-1-neg-59-45",-11.9605938038763,"case",-66.751688698452,"liver-1-neg-59-45"
"liver-1-neg-59-46",-14.9856880181426,"case",-105.165078451321,"liver-1-neg-59-46"
"liver-1-neg-59-47",-8.78737727778413,"case",-109.988304762499,"liver-1-neg-59-47"
"liver-1-neg-59-48",-22.5245067614506,"case",-43.7194721534611,"liver-1-neg-59-48"
"liver-1-neg-59-49",-5.94640885642423,"case",36.8890835412471,"liver-1-neg-59-49"
"liver-1-neg-59-52",30.0847913321833,"case",10.8877673275663,"liver-1-neg-59-52"
"liver-1-neg-59-53",9.9912401586004,"case",60.7472607114198,"liver-1-neg-59-53"
"liver-1-neg-59-54",-18.0731013930296,"case",36.5714278248024,"liver-1-neg-59-54"
"liver-1-neg-59-55",-2.15102601371712,"case",43.7367111086021,"liver-1-neg-59-55"
"liver-1-neg-59-56",20.9598578403602,"case",-93.8277218168713,"liver-1-neg-59-56"
"liver-1-neg-59-57",9.87046308788909,"case",-101.457227522744,"liver-1-neg-59-57"
"liver-1-neg-59-58",9.69561130762084,"case",-34.1598644262842,"liver-1-neg-59-58"
"liver-1-neg-59-59",30.2620788751106,"case",-25.011186075179,"liver-1-neg-59-59"
"liver-1-neg-59-9",25.4600747796406,"case",47.8606820856788,"liver-1-neg-59-9"
"liver-1-neg-6-10",46.2770498728077,"case",-92.9836340885835,"liver-1-neg-6-10"
"liver-1-neg-6-8",15.9769828831144,"case",-113.203900709435,"liver-1-neg-6-8"
"liver-1-neg-6-9",15.8805565577394,"case",-7.8188522373008,"liver-1-neg-6-9"
"liver-1-neg-60-10",8.0359316426453,"case",78.8027013632416,"liver-1-neg-60-10"
"liver-1-neg-60-19",12.8150890351761,"case",112.645985519903,"liver-1-neg-60-19"
"liver-1-neg-60-20",23.8375991408927,"case",69.371304992659,"liver-1-neg-60-20"
"liver-1-neg-60-21",9.70283831482708,"case",-33.7680976986246,"liver-1-neg-60-21"
"liver-1-neg-60-22",23.8425957850082,"case",86.7218580210476,"liver-1-neg-60-22"
"liver-1-neg-60-24",1.79508083000176,"case",-43.492708062741,"liver-1-neg-60-24"
"liver-1-neg-60-28",2.25882582009093,"case",241.192837365374,"liver-1-neg-60-28"
"liver-1-neg-60-29",1.87023701305279,"case",145.01102348831,"liver-1-neg-60-29"
"liver-1-neg-60-32",-0.953262561144056,"case",-56.7267735411804,"liver-1-neg-60-32"
"liver-1-neg-60-33",-18.8537043299444,"case",-55.5706382184915,"liver-1-neg-60-33"
"liver-1-neg-60-38",-24.3736440065288,"case",19.7863040914885,"liver-1-neg-60-38"
"liver-1-neg-60-39",2.3836769285363,"case",-15.9384870726156,"liver-1-neg-60-39"
"liver-1-neg-60-43",-27.9230836669816,"case",-6.78054397796048,"liver-1-neg-60-43"
"liver-1-neg-60-44",11.4870671624022,"case",23.9753740688064,"liver-1-neg-60-44"
"liver-1-neg-60-45",-1.65174655864389,"case",60.4298342464603,"liver-1-neg-60-45"
"liver-1-neg-60-46",22.7789276052701,"case",-87.5290860225998,"liver-1-neg-60-46"
"liver-1-neg-60-47",-7.67477884949692,"case",-98.2756868705428,"liver-1-neg-60-47"
"liver-1-neg-60-48",1.26317897228219,"case",-43.1219270372323,"liver-1-neg-60-48"
"liver-1-neg-60-49",-15.408539268229,"case",22.0899196158626,"liver-1-neg-60-49"
"liver-1-neg-60-52",-1.11162468788042,"case",-15.5209526871886,"liver-1-neg-60-52"
"liver-1-neg-60-53",22.1261465763134,"case",30.7368997757481,"liver-1-neg-60-53"
"liver-1-neg-60-54",-3.25269291771166,"case",44.2852821674385,"liver-1-neg-60-54"
"liver-1-neg-60-55",24.4950971319566,"case",-22.5892440301501,"liver-1-neg-60-55"
"liver-1-neg-60-56",-4.42769788456033,"case",-85.2872007591057,"liver-1-neg-60-56"
"liver-1-neg-60-57",1.14492345764904,"case",-98.2819177622683,"liver-1-neg-60-57"
"liver-1-neg-60-58",11.8514651041089,"case",28.7057804705218,"liver-1-neg-60-58"
"liver-1-neg-60-59",25.6194907942371,"case",23.5888350830717,"liver-1-neg-60-59"
"liver-1-neg-60-9",25.2597561268512,"case",-74.1329526911264,"liver-1-neg-60-9"
"liver-1-neg-61-18",-19.6999781812377,"case",116.766318854142,"liver-1-neg-61-18"
"liver-1-neg-61-19",10.3927334893633,"case",150.203041620122,"liver-1-neg-61-19"
"liver-1-neg-61-20",4.7210867982586,"case",97.6007470654881,"liver-1-neg-61-20"
"liver-1-neg-61-21",17.8135068435634,"case",23.73959476203,"liver-1-neg-61-21"
"liver-1-neg-61-22",18.0748426919412,"case",58.3738770364878,"liver-1-neg-61-22"
"liver-1-neg-61-28",24.3322432981424,"case",299.762227932083,"liver-1-neg-61-28"
"liver-1-neg-61-29",3.89746135825646,"case",148.341169972194,"liver-1-neg-61-29"
"liver-1-neg-61-31",3.8736347479359,"case",-18.1276220920808,"liver-1-neg-61-31"
"liver-1-neg-61-32",27.5858259162175,"case",-57.1683351664483,"liver-1-neg-61-32"
"liver-1-neg-61-33",4.24658657607458,"case",-17.3698014092477,"liver-1-neg-61-33"
"liver-1-neg-61-42",-1.09046253787074,"case",-81.4330308974709,"liver-1-neg-61-42"
"liver-1-neg-61-46",-13.3438931805986,"case",44.4473346710746,"liver-1-neg-61-46"
"liver-1-neg-61-47",-29.7095867199044,"case",-22.3892561137773,"liver-1-neg-61-47"
"liver-1-neg-61-48",-4.75018013138236,"case",-25.8135745058076,"liver-1-neg-61-48"
"liver-1-neg-61-49",-18.9458493819005,"case",36.9180982384182,"liver-1-neg-61-49"
"liver-1-neg-61-51",3.48779431913437,"case",-5.26640233539396,"liver-1-neg-61-51"
"liver-1-neg-61-52",4.20620965659344,"case",-51.8468671639132,"liver-1-neg-61-52"
"liver-1-neg-61-53",0.865720987532159,"case",35.9444029464545,"liver-1-neg-61-53"
"liver-1-neg-61-54",3.68766629581903,"case",-6.3421035385226,"liver-1-neg-61-54"
"liver-1-neg-61-55",25.9399099857868,"case",-16.6593615841107,"liver-1-neg-61-55"
"liver-1-neg-61-56",-0.348857819656524,"case",-71.1816726096394,"liver-1-neg-61-56"
"liver-1-neg-61-57",-1.17789378779011,"case",-45.0354544127901,"liver-1-neg-61-57"
"liver-1-neg-61-58",31.9640778693273,"case",-18.4616686744143,"liver-1-neg-61-58"
"liver-1-neg-61-59",55.2331166261065,"case",-14.222984381604,"liver-1-neg-61-59"
"liver-1-neg-61-9",27.5844253306188,"case",9.55350746361825,"liver-1-neg-61-9"
"liver-1-neg-62-19",37.2737843187867,"case",44.9959724102173,"liver-1-neg-62-19"
"liver-1-neg-62-20",-2.21139842543622,"case",151.061280785344,"liver-1-neg-62-20"
"liver-1-neg-62-21",10.4154220005544,"case",54.533367793964,"liver-1-neg-62-21"
"liver-1-neg-62-22",33.63528016513,"case",30.2076327665842,"liver-1-neg-62-22"
"liver-1-neg-62-28",21.6775012626695,"case",117.028054384009,"liver-1-neg-62-28"
"liver-1-neg-62-29",-1.97396548551666,"case",148.345950903216,"liver-1-neg-62-29"
"liver-1-neg-62-31",30.7982190721274,"case",-9.05357773015576,"liver-1-neg-62-31"
"liver-1-neg-62-32",4.98363964278863,"case",-47.3805681885971,"liver-1-neg-62-32"
"liver-1-neg-62-46",-4.18339449352321,"case",67.6866967622271,"liver-1-neg-62-46"
"liver-1-neg-62-47",31.084830345797,"case",-46.104810490275,"liver-1-neg-62-47"
"liver-1-neg-62-48",-9.52587508991217,"case",-39.5689604054674,"liver-1-neg-62-48"
"liver-1-neg-62-49",9.50488204875215,"case",28.66917041042,"liver-1-neg-62-49"
"liver-1-neg-62-50",-2.2049835808276,"case",39.024758559904,"liver-1-neg-62-50"
"liver-1-neg-62-51",14.5868577071194,"case",42.937203975437,"liver-1-neg-62-51"
"liver-1-neg-62-52",-29.5430674299242,"case",-31.2874565416274,"liver-1-neg-62-52"
"liver-1-neg-62-54",-15.6324346985581,"case",29.7669668490491,"liver-1-neg-62-54"
"liver-1-neg-62-55",10.9396632383074,"case",-25.0683603813289,"liver-1-neg-62-55"
"liver-1-neg-62-56",-2.734019099035,"case",-69.4055565117225,"liver-1-neg-62-56"
"liver-1-neg-62-57",4.01132921462748,"case",-8.28642045807504,"liver-1-neg-62-57"
"liver-1-neg-62-58",14.8241018518454,"case",-46.1068329260919,"liver-1-neg-62-58"
"liver-1-neg-62-59",77.5979595557885,"case",-23.9238814398777,"liver-1-neg-62-59"
"liver-1-neg-62-9",25.4311177893901,"case",61.6271220696405,"liver-1-neg-62-9"
"liver-1-neg-63-10",13.9541969530136,"case",-1.34256483591391,"liver-1-neg-63-10"
"liver-1-neg-63-21",24.3303056970192,"case",-68.0908677315718,"liver-1-neg-63-21"
"liver-1-neg-63-22",11.1753867416257,"case",60.8197919972547,"liver-1-neg-63-22"
"liver-1-neg-63-23",-8.17796462709144,"case",-55.0650881494551,"liver-1-neg-63-23"
"liver-1-neg-63-24",13.6549224351408,"case",82.633929452496,"liver-1-neg-63-24"
"liver-1-neg-63-28",-21.7853141877459,"case",58.6284269763521,"liver-1-neg-63-28"
"liver-1-neg-63-29",0.784520634435125,"case",49.3946622248388,"liver-1-neg-63-29"
"liver-1-neg-63-47",-12.5454979882772,"case",-91.8008319998873,"liver-1-neg-63-47"
"liver-1-neg-63-48",-13.0657125113177,"case",-48.5261794091867,"liver-1-neg-63-48"
"liver-1-neg-63-49",6.61254527913687,"case",48.261801216911,"liver-1-neg-63-49"
"liver-1-neg-63-50",6.03770692136599,"case",-39.8023574368392,"liver-1-neg-63-50"
"liver-1-neg-63-51",15.8141750408489,"case",-4.33744070503478,"liver-1-neg-63-51"
"liver-1-neg-63-52",0.0835685705502862,"case",-10.0859220788564,"liver-1-neg-63-52"
"liver-1-neg-63-53",15.8780575902538,"case",29.1963524329939,"liver-1-neg-63-53"
"liver-1-neg-63-54",-22.1118689980462,"case",-29.2291495425043,"liver-1-neg-63-54"
"liver-1-neg-63-55",-9.76426332733201,"case",-95.2956197135469,"liver-1-neg-63-55"
"liver-1-neg-63-56",-20.8630152731533,"case",-74.9440757517782,"liver-1-neg-63-56"
"liver-1-neg-63-57",22.5046799669881,"case",0.12584659084667,"liver-1-neg-63-57"
"liver-1-neg-63-58",37.7876478045244,"case",17.3753285712369,"liver-1-neg-63-58"
"liver-1-neg-63-9",28.7752766604316,"case",-8.9028478718461,"liver-1-neg-63-9"
"liver-1-neg-64-10",13.3435534425197,"case",-22.3577469803162,"liver-1-neg-64-10"
"liver-1-neg-64-14",30.8742283170241,"case",122.356102501057,"liver-1-neg-64-14"
"liver-1-neg-64-15",43.4978587521782,"case",120.100706118699,"liver-1-neg-64-15"
"liver-1-neg-64-20",19.6648160177253,"case",24.8530052308184,"liver-1-neg-64-20"
"liver-1-neg-64-21",24.343481038986,"case",-177.588254685348,"liver-1-neg-64-21"
"liver-1-neg-64-22",18.1670986854026,"case",25.7638775841457,"liver-1-neg-64-22"
"liver-1-neg-64-23",6.61810023608423,"case",75.4906143320466,"liver-1-neg-64-23"
"liver-1-neg-64-24",14.6845218491057,"case",55.460709284235,"liver-1-neg-64-24"
"liver-1-neg-64-27",33.8788022654942,"case",-13.3479954241557,"liver-1-neg-64-27"
"liver-1-neg-64-28",29.415822147537,"case",-11.1224308125368,"liver-1-neg-64-28"
"liver-1-neg-64-29",17.6417099260222,"case",40.7097204617215,"liver-1-neg-64-29"
"liver-1-neg-64-30",25.9690568422625,"case",88.9533485223258,"liver-1-neg-64-30"
"liver-1-neg-64-31",16.113950360168,"case",6.9523961462005,"liver-1-neg-64-31"
"liver-1-neg-64-32",1.12738115555116,"case",14.6310591461518,"liver-1-neg-64-32"
"liver-1-neg-64-33",-0.686345091150475,"case",-63.3020805206643,"liver-1-neg-64-33"
"liver-1-neg-64-34",23.6511080249337,"case",-14.3312145421574,"liver-1-neg-64-34"
"liver-1-neg-64-42",14.3273265640134,"case",-46.1161464107294,"liver-1-neg-64-42"
"liver-1-neg-64-47",0.832602986870978,"case",-70.5186584719123,"liver-1-neg-64-47"
"liver-1-neg-64-48",5.32130775954699,"case",-39.0723844936246,"liver-1-neg-64-48"
"liver-1-neg-64-50",12.0941083236084,"case",-2.63465090651782,"liver-1-neg-64-50"
"liver-1-neg-64-51",1.02629024064715,"case",33.0920162895558,"liver-1-neg-64-51"
"liver-1-neg-64-52",13.6950690900256,"case",20.4613227213231,"liver-1-neg-64-52"
"liver-1-neg-64-53",18.0064667229523,"case",-15.400729710478,"liver-1-neg-64-53"
"liver-1-neg-64-54",-8.79299641601767,"case",-29.5294148658291,"liver-1-neg-64-54"
"liver-1-neg-64-55",-7.80577209830675,"case",8.86018749102976,"liver-1-neg-64-55"
"liver-1-neg-64-56",-4.16749931777942,"case",32.7323739709298,"liver-1-neg-64-56"
"liver-1-neg-64-57",-2.18727623003005,"case",-40.0547790198411,"liver-1-neg-64-57"
"liver-1-neg-64-58",20.8461225492478,"case",23.8530779235981,"liver-1-neg-64-58"
"liver-1-neg-64-9",27.0430147668029,"case",-71.9791063775262,"liver-1-neg-64-9"
"liver-1-neg-65-10",6.81989986248483,"case",68.8972060853054,"liver-1-neg-65-10"
"liver-1-neg-65-11",34.0747851778155,"case",-38.1481876661986,"liver-1-neg-65-11"
"liver-1-neg-65-14",13.1677230938342,"case",73.0767934589987,"liver-1-neg-65-14"
"liver-1-neg-65-15",35.9474973548743,"case",271.91582227711,"liver-1-neg-65-15"
"liver-1-neg-65-20",29.2164359352648,"case",119.072780162211,"liver-1-neg-65-20"
"liver-1-neg-65-21",9.05439259062978,"case",-143.49177748167,"liver-1-neg-65-21"
"liver-1-neg-65-22",7.33954353532983,"case",27.2733964509194,"liver-1-neg-65-22"
"liver-1-neg-65-23",28.1102902669841,"case",112.879669938135,"liver-1-neg-65-23"
"liver-1-neg-65-24",3.25007667579854,"case",112.904774846536,"liver-1-neg-65-24"
"liver-1-neg-65-28",28.2748668291803,"case",26.2015464281033,"liver-1-neg-65-28"
"liver-1-neg-65-29",59.4373118642657,"control",64.4616918783444,"liver-1-neg-65-29"
"liver-1-neg-65-30",43.5601065946946,"control",74.9518462544604,"liver-1-neg-65-30"
"liver-1-neg-65-31",31.5429679387932,"control",19.5817012974844,"liver-1-neg-65-31"
"liver-1-neg-65-32",23.9554787882046,"control",-16.0520524127376,"liver-1-neg-65-32"
"liver-1-neg-65-33",51.9628210065235,"control",-70.6525244823954,"liver-1-neg-65-33"
"liver-1-neg-65-34",44.8679511824594,"control",22.387574815557,"liver-1-neg-65-34"
"liver-1-neg-65-35",18.2006164858683,"control",20.6143532108033,"liver-1-neg-65-35"
"liver-1-neg-65-36",26.2365462582577,"control",66.6184837636517,"liver-1-neg-65-36"
"liver-1-neg-65-39",38.7893012398694,"control",-64.1215176403196,"liver-1-neg-65-39"
"liver-1-neg-65-41",6.07757136444325,"control",113.861382072398,"liver-1-neg-65-41"
"liver-1-neg-65-42",1.84587730956804,"control",-76.1157209797046,"liver-1-neg-65-42"
"liver-1-neg-65-46",21.7137838200899,"control",-102.99447206661,"liver-1-neg-65-46"
"liver-1-neg-65-47",11.3871043253486,"control",-27.4334617546201,"liver-1-neg-65-47"
"liver-1-neg-65-48",36.1777767411031,"control",14.0882184302715,"liver-1-neg-65-48"
"liver-1-neg-65-52",29.6773624682828,"control",-36.5689009644057,"liver-1-neg-65-52"
"liver-1-neg-65-53",6.71346432435918,"control",17.3248705857457,"liver-1-neg-65-53"
"liver-1-neg-65-54",29.014602339425,"control",-47.095507277412,"liver-1-neg-65-54"
"liver-1-neg-65-55",23.4013508601318,"control",47.5809628058043,"liver-1-neg-65-55"
"liver-1-neg-65-56",36.0949748725195,"control",102.772750153098,"liver-1-neg-65-56"
"liver-1-neg-65-57",23.924338484158,"control",16.2031414474758,"liver-1-neg-65-57"
"liver-1-neg-65-58",50.2334731502549,"control",20.4719346076637,"liver-1-neg-65-58"
"liver-1-neg-65-59",90.1019407957862,"control",-81.4270265359826,"liver-1-neg-65-59"
"liver-1-neg-65-9",21.7590084815207,"control",-88.1908353695397,"liver-1-neg-65-9"
"liver-1-neg-66-10",40.623536811152,"control",36.0361921668748,"liver-1-neg-66-10"
"liver-1-neg-66-11",10.4087669962984,"control",-77.9926812035806,"liver-1-neg-66-11"
"liver-1-neg-66-12",22.6554215476447,"control",24.173786253301,"liver-1-neg-66-12"
"liver-1-neg-66-13",24.3642432879829,"control",72.3116264525142,"liver-1-neg-66-13"
"liver-1-neg-66-14",15.3676934027935,"control",278.467824261635,"liver-1-neg-66-14"
"liver-1-neg-66-15",59.8916857149159,"control",193.4405608518,"liver-1-neg-66-15"
"liver-1-neg-66-20",49.3929574954293,"control",64.681076093619,"liver-1-neg-66-20"
"liver-1-neg-66-21",40.0116198009591,"control",-149.824290391076,"liver-1-neg-66-21"
"liver-1-neg-66-22",22.5417448057112,"control",7.15228970633904,"liver-1-neg-66-22"
"liver-1-neg-66-23",46.0942618022878,"control",191.854039714541,"liver-1-neg-66-23"
"liver-1-neg-66-26",60.3300139703307,"control",148.981809121313,"liver-1-neg-66-26"
"liver-1-neg-66-27",38.3574283416198,"control",98.5409467553478,"liver-1-neg-66-27"
"liver-1-neg-66-28",38.6441798385936,"control",55.8450335090655,"liver-1-neg-66-28"
"liver-1-neg-66-29",48.4804835210883,"control",116.862318189339,"liver-1-neg-66-29"
"liver-1-neg-66-30",53.3483659784086,"control",11.178804939954,"liver-1-neg-66-30"
"liver-1-neg-66-31",79.5331289211738,"control",16.0908691073947,"liver-1-neg-66-31"
"liver-1-neg-66-32",50.7968443210568,"control",-34.3855188347061,"liver-1-neg-66-32"
"liver-1-neg-66-33",4.36741069820128,"control",7.3284161072332,"liver-1-neg-66-33"
"liver-1-neg-66-34",43.5294826273708,"control",5.50090217009118,"liver-1-neg-66-34"
"liver-1-neg-66-35",52.9833769899414,"control",-59.5324020800603,"liver-1-neg-66-35"
"liver-1-neg-66-36",43.3540786864608,"control",120.887574535097,"liver-1-neg-66-36"
"liver-1-neg-66-41",39.5698096963386,"control",66.6218879273707,"liver-1-neg-66-41"
"liver-1-neg-66-42",21.5266022165356,"control",-50.2694724426656,"liver-1-neg-66-42"
"liver-1-neg-66-45",16.0448555632836,"control",-96.0001264297533,"liver-1-neg-66-45"
"liver-1-neg-66-46",31.1067975909606,"control",-40.2701241607885,"liver-1-neg-66-46"
"liver-1-neg-66-47",24.2262085797657,"control",-50.8044391556055,"liver-1-neg-66-47"
"liver-1-neg-66-48",33.0082946561999,"control",-24.6004227415721,"liver-1-neg-66-48"
"liver-1-neg-66-52",26.7986447277451,"control",-48.5598667624684,"liver-1-neg-66-52"
"liver-1-neg-66-53",26.3765883832817,"control",-27.4507162129514,"liver-1-neg-66-53"
"liver-1-neg-66-54",35.8914715662425,"control",-39.7719683715356,"liver-1-neg-66-54"
"liver-1-neg-66-55",28.8597947561222,"control",-5.08585904547151,"liver-1-neg-66-55"
"liver-1-neg-66-56",47.1163058931583,"control",92.2130827339202,"liver-1-neg-66-56"
"liver-1-neg-66-57",8.23824005850871,"control",40.1910088150543,"liver-1-neg-66-57"
"liver-1-neg-66-58",27.0896133809291,"control",-25.8631616919208,"liver-1-neg-66-58"
"liver-1-neg-66-59",80.2587506510618,"control",-7.57305883404264,"liver-1-neg-66-59"
"liver-1-neg-66-9",26.0560762271413,"control",-95.8752814045351,"liver-1-neg-66-9"
"liver-1-neg-67-10",9.73554606783702,"control",-66.7527743293303,"liver-1-neg-67-10"
"liver-1-neg-67-11",7.10666038975006,"control",-67.7631493160481,"liver-1-neg-67-11"
"liver-1-neg-67-12",-6.21006930235534,"control",108.248593027045,"liver-1-neg-67-12"
"liver-1-neg-67-13",36.1526763997951,"control",25.1712769680019,"liver-1-neg-67-13"
"liver-1-neg-67-14",27.5135031182965,"control",16.5523575095997,"liver-1-neg-67-14"
"liver-1-neg-67-20",45.2143368331029,"control",213.233827053399,"liver-1-neg-67-20"
"liver-1-neg-67-21",29.7311204449693,"control",64.5729448631261,"liver-1-neg-67-21"
"liver-1-neg-67-22",42.6335300678704,"control",124.94977620547,"liver-1-neg-67-22"
"liver-1-neg-67-23",59.658234161919,"control",253.098245971241,"liver-1-neg-67-23"
"liver-1-neg-67-24",53.8636287264614,"control",81.1614700937563,"liver-1-neg-67-24"
"liver-1-neg-67-26",45.9679418882269,"control",104.08400599696,"liver-1-neg-67-26"
"liver-1-neg-67-27",37.2938671760183,"control",170.845777666454,"liver-1-neg-67-27"
"liver-1-neg-67-28",73.9869129609332,"control",204.387550222048,"liver-1-neg-67-28"
"liver-1-neg-67-29",68.346231934939,"control",61.317379147245,"liver-1-neg-67-29"
"liver-1-neg-67-30",55.4869285724186,"control",81.9439132478727,"liver-1-neg-67-30"
"liver-1-neg-67-31",68.1952194608327,"control",7.16520807554069,"liver-1-neg-67-31"
"liver-1-neg-67-32",42.1896729860031,"control",-71.7325062241691,"liver-1-neg-67-32"
"liver-1-neg-67-33",48.6857197665244,"control",-65.0345361356369,"liver-1-neg-67-33"
"liver-1-neg-67-34",53.0090576835998,"control",22.9961298072341,"liver-1-neg-67-34"
"liver-1-neg-67-35",65.4617900365347,"control",-136.87720287667,"liver-1-neg-67-35"
"liver-1-neg-67-36",57.2825257529057,"control",91.4303460633699,"liver-1-neg-67-36"
"liver-1-neg-67-37",61.607450188026,"control",94.3396052770696,"liver-1-neg-67-37"
"liver-1-neg-67-42",58.9870149998942,"control",-73.0919522478871,"liver-1-neg-67-42"
"liver-1-neg-67-44",40.0379792258427,"control",25.8744922657282,"liver-1-neg-67-44"
"liver-1-neg-67-45",40.8679408304022,"control",-49.9686657769075,"liver-1-neg-67-45"
"liver-1-neg-67-46",34.4809802307393,"control",-46.7767144496953,"liver-1-neg-67-46"
"liver-1-neg-67-52",27.634646741278,"control",6.07594165845994,"liver-1-neg-67-52"
"liver-1-neg-67-53",12.1807636290658,"control",-16.2029595489118,"liver-1-neg-67-53"
"liver-1-neg-67-54",17.5949228787897,"control",7.51328732138654,"liver-1-neg-67-54"
"liver-1-neg-67-55",43.6298628507396,"control",-44.3785805683132,"liver-1-neg-67-55"
"liver-1-neg-67-56",43.9539672532409,"control",-41.0253473485236,"liver-1-neg-67-56"
"liver-1-neg-67-57",70.7739566758894,"control",19.9140690749268,"liver-1-neg-67-57"
"liver-1-neg-67-58",26.8844721452466,"control",-16.3586341479382,"liver-1-neg-67-58"
"liver-1-neg-67-59",67.3032901208183,"control",-4.57850161296402,"liver-1-neg-67-59"
"liver-1-neg-67-9",34.7668409591523,"control",-112.878410955183,"liver-1-neg-67-9"
"liver-1-neg-68-10",28.5355782326225,"control",12.9992044629113,"liver-1-neg-68-10"
"liver-1-neg-68-11",23.2567849309563,"control",15.7647921693559,"liver-1-neg-68-11"
"liver-1-neg-68-12",31.4190390742602,"control",15.5862413052573,"liver-1-neg-68-12"
"liver-1-neg-68-13",37.8095293875802,"control",73.3878926127537,"liver-1-neg-68-13"
"liver-1-neg-68-14",51.135341236923,"control",133.808924210261,"liver-1-neg-68-14"
"liver-1-neg-68-22",54.1439795365944,"control",235.282733221496,"liver-1-neg-68-22"
"liver-1-neg-68-23",51.2338004068849,"control",280.530055546662,"liver-1-neg-68-23"
"liver-1-neg-68-24",73.7038929252648,"control",144.754761285763,"liver-1-neg-68-24"
"liver-1-neg-68-26",71.0013293711567,"control",144.055878407825,"liver-1-neg-68-26"
"liver-1-neg-68-27",48.466159847865,"control",27.1206198523886,"liver-1-neg-68-27"
"liver-1-neg-68-28",35.8525030725025,"control",14.3660464817709,"liver-1-neg-68-28"
"liver-1-neg-68-29",32.0750639900161,"control",4.80956251551744,"liver-1-neg-68-29"
"liver-1-neg-68-30",73.6073828395471,"control",-7.21704515881521,"liver-1-neg-68-30"
"liver-1-neg-68-31",45.5038128225558,"control",-79.5734534416464,"liver-1-neg-68-31"
"liver-1-neg-68-32",87.6829132559866,"control",2.77790255015017,"liver-1-neg-68-32"
"liver-1-neg-68-33",77.400626083881,"control",-10.3893954060822,"liver-1-neg-68-33"
"liver-1-neg-68-34",91.769935243154,"control",60.2860745283163,"liver-1-neg-68-34"
"liver-1-neg-68-35",45.9941090800404,"control",-121.187633794554,"liver-1-neg-68-35"
"liver-1-neg-68-36",88.5461102975011,"control",115.624354376852,"liver-1-neg-68-36"
"liver-1-neg-68-37",54.5587567347069,"control",42.0673285474361,"liver-1-neg-68-37"
"liver-1-neg-68-38",67.8630054277757,"control",0.565641884726588,"liver-1-neg-68-38"
"liver-1-neg-68-40",56.0508852895214,"control",42.115277010955,"liver-1-neg-68-40"
"liver-1-neg-68-45",63.1820130660703,"control",-41.8983268993622,"liver-1-neg-68-45"
"liver-1-neg-68-51",32.5827737167948,"control",26.6386352370097,"liver-1-neg-68-51"
"liver-1-neg-68-52",30.1849367686589,"control",-73.8518405653999,"liver-1-neg-68-52"
"liver-1-neg-68-53",56.9586393388638,"control",-40.1322556059876,"liver-1-neg-68-53"
"liver-1-neg-68-54",18.9982643481031,"control",112.774888989814,"liver-1-neg-68-54"
"liver-1-neg-68-55",25.4296015685778,"control",-5.26135620446506,"liver-1-neg-68-55"
"liver-1-neg-68-56",30.3195195497315,"control",-46.966766212317,"liver-1-neg-68-56"
"liver-1-neg-68-57",44.557799230327,"control",-33.426584822911,"liver-1-neg-68-57"
"liver-1-neg-69-10",61.2968734698628,"control",-89.7397468130641,"liver-1-neg-69-10"
"liver-1-neg-69-11",69.9959800876011,"control",-5.37672661763831,"liver-1-neg-69-11"
"liver-1-neg-69-12",62.0907018279661,"control",-63.8876247013955,"liver-1-neg-69-12"
"liver-1-neg-69-13",41.4334244958605,"control",-136.689860240194,"liver-1-neg-69-13"
"liver-1-neg-69-22",24.9745418863104,"control",-30.6961580477944,"liver-1-neg-69-22"
"liver-1-neg-69-23",60.1621926769319,"control",-13.8827658507999,"liver-1-neg-69-23"
"liver-1-neg-69-24",53.0073592746802,"control",-18.7568562825443,"liver-1-neg-69-24"
"liver-1-neg-69-25",78.5657474625257,"control",-164.208494420292,"liver-1-neg-69-25"
"liver-1-neg-69-26",71.4631174187242,"control",-120.134636421524,"liver-1-neg-69-26"
"liver-1-neg-69-27",73.0122080040645,"control",7.92872280428376,"liver-1-neg-69-27"
"liver-1-neg-69-28",81.5298531899262,"control",1.65855128685958,"liver-1-neg-69-28"
"liver-1-neg-69-30",96.3028922959593,"control",-7.08316878583477,"liver-1-neg-69-30"
"liver-1-neg-69-31",76.1807718011234,"control",15.2086515138038,"liver-1-neg-69-31"
"liver-1-neg-69-32",105.859852006757,"control",37.6529823042301,"liver-1-neg-69-32"
"liver-1-neg-69-33",46.2627852396465,"control",10.8257441280842,"liver-1-neg-69-33"
"liver-1-neg-69-34",110.42249652127,"control",106.049918403205,"liver-1-neg-69-34"
"liver-1-neg-69-35",70.6240398260628,"control",-62.0160936845286,"liver-1-neg-69-35"
"liver-1-neg-69-36",85.1414300716137,"control",70.7771448495302,"liver-1-neg-69-36"
"liver-1-neg-69-37",84.1735739674964,"control",-28.7758495958998,"liver-1-neg-69-37"
"liver-1-neg-69-38",59.290455916075,"control",-60.8508934580305,"liver-1-neg-69-38"
"liver-1-neg-69-39",65.3449872649235,"control",23.1530916825504,"liver-1-neg-69-39"
"liver-1-neg-69-40",59.5829445418603,"control",118.228224658843,"liver-1-neg-69-40"
"liver-1-neg-69-45",84.0900826685982,"control",-7.5030410456519,"liver-1-neg-69-45"
"liver-1-neg-69-46",74.1241676614045,"control",-91.0659130041988,"liver-1-neg-69-46"
"liver-1-neg-69-47",76.5228542452569,"control",64.782219518737,"liver-1-neg-69-47"
"liver-1-neg-69-48",57.5384239482199,"control",67.5606291168125,"liver-1-neg-69-48"
"liver-1-neg-69-49",71.4362866200203,"control",54.1436546621582,"liver-1-neg-69-49"
"liver-1-neg-69-50",83.072757977902,"control",63.7498139433353,"liver-1-neg-69-50"
"liver-1-neg-69-51",41.4823337631857,"control",-7.18819030697828,"liver-1-neg-69-51"
"liver-1-neg-69-52",38.8718841432618,"control",11.2693197789444,"liver-1-neg-69-52"
"liver-1-neg-69-53",49.6714545279783,"control",-79.3768037364109,"liver-1-neg-69-53"
"liver-1-neg-69-54",50.212615808862,"control",88.1396276513431,"liver-1-neg-69-54"
"liver-1-neg-69-55",20.6754867533793,"control",59.8909046154315,"liver-1-neg-69-55"
"liver-1-neg-69-56",47.8355535342026,"control",69.7844662691985,"liver-1-neg-69-56"
"liver-1-neg-69-57",51.5596606240597,"control",-15.4311505502067,"liver-1-neg-69-57"
"liver-1-neg-7-10",61.9872883834295,"control",431.115200999422,"liver-1-neg-7-10"
"liver-1-neg-7-25",26.3560380635553,"control",68.9755950705567,"liver-1-neg-7-25"
"liver-1-neg-7-26",40.8998805242413,"control",-50.7876997062331,"liver-1-neg-7-26"
"liver-1-neg-7-29",47.3891953589796,"control",-37.8467627066676,"liver-1-neg-7-29"
"liver-1-neg-7-30",60.1693234788049,"control",-143.411073878584,"liver-1-neg-7-30"
"liver-1-neg-7-37",23.1141358505415,"control",-90.4091420650088,"liver-1-neg-7-37"
"liver-1-neg-7-7",70.3517638288158,"control",260.008092919459,"liver-1-neg-7-7"
"liver-1-neg-7-9",66.4421625710509,"control",219.080423750103,"liver-1-neg-7-9"
"liver-1-neg-70-31",45.7822512117432,"control",-144.172512096227,"liver-1-neg-70-31"
"liver-1-neg-70-32",58.5769058638302,"control",-152.875628053926,"liver-1-neg-70-32"
"liver-1-neg-70-33",66.0247651469868,"control",-79.5071215842493,"liver-1-neg-70-33"
"liver-1-neg-70-34",50.3787752681054,"control",-53.93747402574,"liver-1-neg-70-34"
"liver-1-neg-70-35",66.9379839172754,"control",-70.1539664755806,"liver-1-neg-70-35"
"liver-1-neg-70-36",51.3037021216767,"control",-45.0330825451913,"liver-1-neg-70-36"
"liver-1-neg-70-37",88.8495169401399,"control",-115.842247580853,"liver-1-neg-70-37"
"liver-1-neg-70-38",104.798295458577,"control",-136.586857931607,"liver-1-neg-70-38"
"liver-1-neg-70-39",71.2836180785032,"control",-99.9056714441286,"liver-1-neg-70-39"
"liver-1-neg-70-40",62.1120767675789,"control",-88.7386624503627,"liver-1-neg-70-40"
"liver-1-neg-70-41",63.6298718595758,"control",-31.0391163179149,"liver-1-neg-70-41"
"liver-1-neg-70-42",26.1001315904105,"control",-158.931609101824,"liver-1-neg-70-42"
"liver-1-neg-70-43",37.8404667485182,"control",-60.2585777563073,"liver-1-neg-70-43"
"liver-1-neg-70-44",113.027952681014,"control",-33.1034171771909,"liver-1-neg-70-44"
"liver-1-neg-70-45",74.911707873059,"control",-93.0252341877064,"liver-1-neg-70-45"
"liver-1-neg-70-46",72.3853755727741,"control",-122.433245603182,"liver-1-neg-70-46"
"liver-1-neg-70-47",70.2624706578149,"control",-193.770907801647,"liver-1-neg-70-47"
"liver-1-neg-70-48",45.7843958139086,"control",-130.333086581999,"liver-1-neg-70-48"
"liver-1-neg-70-49",57.4111786426915,"control",-136.909585115378,"liver-1-neg-70-49"
"liver-1-neg-70-50",28.7486017638344,"control",-170.573351961317,"liver-1-neg-70-50"
"liver-1-neg-70-51",47.163924073982,"control",-144.511191590755,"liver-1-neg-70-51"
"liver-1-neg-70-52",52.7750134322828,"control",-131.045008790939,"liver-1-neg-70-52"
"liver-1-neg-70-53",79.6814516222539,"control",-135.562961413237,"liver-1-neg-70-53"
"liver-1-neg-70-54",72.3145153986084,"control",-62.194007597069,"liver-1-neg-70-54"
"liver-1-neg-70-55",77.8457177738068,"control",-41.6872196044883,"liver-1-neg-70-55"
"liver-1-neg-70-56",64.6854511939337,"control",36.7697997776911,"liver-1-neg-70-56"
"liver-1-neg-70-57",56.770088622048,"control",-114.359624444115,"liver-1-neg-70-57"
"liver-1-neg-70-58",97.7875273388602,"control",-39.5124411119877,"liver-1-neg-70-58"
"liver-1-neg-8-50",31.7892896237536,"control",-26.039038906906,"liver-1-neg-8-50"
"liver-1-neg-8-51",47.6436204837085,"control",-177.71209382465,"liver-1-neg-8-51"
"liver-1-neg-8-52",26.7514453052598,"control",-143.326283673123,"liver-1-neg-8-52"
"liver-1-neg-8-53",14.5046189798696,"control",-107.084789464291,"liver-1-neg-8-53"
"liver-1-neg-9-52",20.1254339523131,"control",-143.104082122745,"liver-1-neg-9-52"
